season,team_id,team_name,player_id,Name,position_code,W%,R/9,BF,BABIP,OBP,SLG,OPS,K/9,BB/9,HR/9,H/9,K/BB,inheritedRunners,inheritedRunnersScored,bequeathedRunners,bequeathedRunnersScored,SB,CS,QS,GF,2B,3B,GIDP,gidpOpp,WP,BK,pickOffs,totalSwings,swingAndMisses,BIP,runSupport,Str%,P/IP,P/PA,BB%,K%,HR/PA,BB/K,ISO,FO,popOuts,lineOuts,GO,flyHits,popHits,lineHits,groundHits,team,Strikes,Fstrikes,CSW,Cstr,POS,HR,K,BB,numP,AVG,HBP,SF,H,AB,R,ER,HR/FB%,SwStr%,Whiff%,FB%,GB%,LD%,PopUp%,K-BB%,CSW%,CStr%,F-Strike%
2024,673,Aguilas de Mexicali,547862,David Reyes,1,0.667,2.45,189,0.271,0.258,0.286,0.544,6.8,1.13,0.19,7.36,6.0,0,0,9,3,1,2,3,0,8,0,2,25,1,0,0,341,88,144,19,65.0,14.5,3.656,3.2,19.0,0.005,0.167,0.063,32,17,10,46,4,0,21,14,MXC,451,118,195,107,SP,1,36,6,691,0.223,3,2,39,175,13,12,2.8,12.7,25.8,25.0,41.7,21.5,11.8,15.8,28.2,15.5,62.4
2024,673,Aguilas de Mexicali,622747,Eduardo Vera,1,0.25,3.16,141,0.233,0.232,0.305,0.537,9.73,1.95,0.73,5.59,5.0,0,0,0,0,0,1,2,0,5,1,2,17,1,0,0,267,72,92,8,65.0,15.3,4.014,5.7,28.4,0.021,0.2,0.125,19,5,6,39,1,0,16,6,MXC,370,85,171,99,SP,3,40,8,566,0.18,1,1,23,128,13,13,15.0,12.7,27.0,21.7,48.9,23.9,5.4,22.7,30.2,17.5,60.3
2024,673,Aguilas de Mexicali,623985,Manuel Chavez,1,0.0,6.29,108,0.348,0.368,0.473,0.841,8.88,4.07,1.48,9.99,2.18,0,0,4,3,5,0,0,0,5,0,3,11,0,0,0,180,44,72,14,59.0,18.16,4.093,10.2,22.2,0.037,0.458,0.183,15,7,0,23,10,0,14,3,MXC,262,61,123,79,SP,4,24,11,442,0.29,1,1,27,93,17,16,16.0,10.0,24.4,34.7,36.1,19.4,9.7,12.0,27.8,17.9,56.5
2024,673,Aguilas de Mexicali,644425,Jake Sanchez,1,0.0,1.56,71,0.289,0.271,0.25,0.521,9.87,3.12,0.0,6.75,3.17,1,1,0,0,4,0,0,16,1,1,1,11,0,0,0,148,44,46,0,63.0,17.54,4.282,8.5,26.8,0.0,0.316,0.047,9,6,3,15,2,1,5,5,MXC,193,36,89,45,RP,0,19,6,304,0.203,0,0,13,64,3,3,0.0,14.5,29.7,23.9,43.5,17.4,15.2,18.3,29.3,14.8,50.7
2024,673,Aguilas de Mexicali,661309,Adrián Martínez,1,0.5,4.96,68,0.34,0.324,0.397,0.721,7.16,2.2,0.0,9.37,3.25,0,0,3,0,6,1,0,0,6,1,1,8,2,0,0,123,33,50,9,63.0,16.53,3.971,5.9,19.1,0.0,0.308,0.127,6,4,3,20,3,0,9,5,MXC,170,40,80,47,SP,0,13,4,270,0.27,1,0,17,63,9,9,0.0,12.2,26.8,18.0,50.0,24.0,8.0,13.2,29.6,17.4,58.8
2024,673,Aguilas de Mexicali,667904,Jose Isidro Marquez,1,0.0,3.21,63,0.382,0.377,0.275,0.652,10.93,5.14,0.0,8.36,2.13,5,2,10,4,1,1,0,2,1,0,1,8,2,0,0,102,24,36,9,59.0,18.43,4.095,12.7,27.0,0.0,0.471,0.02,4,3,0,16,1,0,7,5,MXC,151,33,69,45,RP,0,17,8,258,0.255,2,0,13,51,5,4,0.0,9.3,23.5,13.9,58.3,19.4,8.3,14.3,26.7,17.4,52.4
2024,673,Aguilas de Mexicali,671760,Mario Jimenez,1,,10.8,20,0.286,0.4,0.267,0.667,5.4,10.8,0.0,10.80,0.5,7,3,7,4,1,0,0,1,0,0,0,3,2,0,0,31,4,14,0,53.0,23.4,3.9,20.0,10.0,0.0,2.0,0.0,3,0,1,6,0,0,2,2,MXC,41,8,14,10,RP,0,2,4,78,0.267,0,1,4,15,4,3,0.0,5.1,12.9,21.4,57.1,21.4,0.0,-10.0,17.9,12.8,40.0
2024,673,Aguilas de Mexicali,672911,Jesus Cruz,1,1.0,1.69,64,0.267,0.266,0.185,0.451,14.06,4.5,0.0,4.50,3.13,1,0,1,1,1,1,0,2,0,1,0,6,2,0,0,152,51,30,13,65.0,18.81,4.703,12.5,39.1,0.0,0.32,0.037,10,7,1,4,1,0,3,4,MXC,195,38,90,39,RP,0,25,8,301,0.148,1,1,8,54,3,3,0.0,16.9,33.6,36.7,26.7,13.3,23.3,26.6,29.9,13.0,59.4
2024,673,Aguilas de Mexicali,675132,Yamil Castillo,1,1.0,8.68,46,0.324,0.391,0.425,0.816,4.82,3.86,0.96,11.57,1.25,9,6,7,6,2,0,0,3,2,0,0,6,2,0,0,70,13,35,9,61.0,15.86,3.217,8.7,10.9,0.022,0.8,0.125,5,4,2,12,2,0,5,5,MXC,91,27,34,21,RP,1,5,4,148,0.3,2,0,12,40,9,8,14.3,8.8,18.6,20.0,48.6,20.0,11.4,2.2,23.0,14.2,58.7
2024,673,Aguilas de Mexicali,676362,Gabriel Ponce,1,,0.0,30,0.267,0.207,0.148,0.355,13.5,2.25,0.0,4.50,6.0,3,0,2,0,1,0,0,1,0,0,0,2,1,0,0,68,21,16,8,69.0,15.13,4.033,6.7,40.0,0.0,0.167,0.0,3,1,1,7,1,0,1,2,MXC,83,17,36,15,"SP, RP",0,12,2,121,0.148,0,0,4,27,0,0,0.0,17.4,30.9,25.0,56.2,12.5,6.2,33.3,29.8,12.4,56.7
2024,673,Aguilas de Mexicali,677076,Clayton Andrews,1,0.0,5.0,38,0.238,0.27,0.219,0.489,11.0,4.0,0.0,5.00,2.75,5,2,3,2,3,0,0,1,2,0,0,4,1,0,0,66,19,22,2,63.0,18.0,4.263,10.5,28.9,0.0,0.364,0.063,2,2,2,11,1,0,2,2,MXC,102,20,54,35,RP,0,11,4,162,0.156,1,0,5,32,5,5,0.0,11.7,28.8,13.6,59.1,18.2,9.1,18.4,33.3,21.6,52.6
2024,673,Aguilas de Mexicali,681871,Eli Villalobos,1,1.0,2.4,58,0.25,0.263,0.25,0.513,7.2,3.0,0.0,6.00,2.4,14,3,2,1,2,0,0,2,3,0,2,7,1,0,0,112,34,41,8,62.0,15.2,3.931,8.6,20.7,0.0,0.417,0.058,9,6,1,15,1,0,5,4,MXC,142,36,63,29,RP,0,12,5,228,0.192,0,0,10,52,4,4,0.0,14.9,30.4,24.4,46.3,14.6,14.6,12.1,27.6,12.7,62.1
2024,673,Aguilas de Mexicali,683138,Fernando Lozano,1,0.5,4.25,174,0.281,0.312,0.39,0.702,6.8,3.19,0.85,8.08,2.13,0,0,1,0,4,2,2,0,8,1,4,24,0,0,0,273,53,126,19,59.0,15.66,3.81,8.6,18.4,0.023,0.469,0.143,26,9,6,47,7,0,16,15,MXC,394,106,173,120,SP,4,32,15,663,0.247,1,3,38,154,20,19,12.1,8.0,19.4,26.2,49.2,17.5,7.1,9.8,26.1,18.1,60.9
2024,673,Aguilas de Mexicali,690909,Daniel Cruz,1,1.0,3.46,52,0.273,0.275,0.289,0.564,9.0,2.77,0.69,6.92,3.25,9,4,4,2,0,1,0,3,0,0,0,9,1,0,0,99,29,35,3,66.0,15.62,3.904,7.7,25.0,0.019,0.308,0.067,6,1,5,13,1,1,5,3,MXC,171,40,75,41,RP,1,13,4,203,0.222,0,2,10,45,5,5,14.3,14.3,29.3,20.0,45.7,28.6,5.7,17.3,36.9,20.2,76.9
2024,673,Aguilas de Mexicali,691928,Patricio Ress,1,0.0,3.18,24,0.444,0.417,0.5,0.917,6.35,3.18,0.0,12.71,2.0,7,2,3,1,0,2,0,2,3,0,0,1,1,0,0,41,13,18,2,58.0,16.94,4.0,8.3,16.7,0.0,0.5,0.136,3,0,2,5,1,0,7,0,MXC,56,13,27,14,RP,0,4,2,96,0.364,0,0,8,22,2,2,0.0,13.5,31.7,22.2,27.8,50.0,0.0,8.4,28.1,14.6,54.2
2024,673,Aguilas de Mexicali,692271,Jose Luis Reyes,1,,10.29,39,0.517,0.513,0.697,1.21,6.43,6.43,0.0,19.29,1.0,3,3,3,1,0,0,0,0,8,0,1,7,0,0,1,53,11,29,6,51.0,21.43,3.846,12.8,12.8,0.0,1.0,0.242,4,0,0,10,1,0,9,5,MXC,77,17,32,21,"SP, RP",0,5,5,150,0.455,0,1,15,33,8,8,0.0,7.3,20.8,17.2,51.7,31.0,0.0,0.0,21.3,14.0,43.6
2024,673,Aguilas de Mexicali,699063,Pedro Santillan,1,0.0,11.57,26,0.375,0.538,0.444,0.982,3.86,11.57,0.0,11.57,0.33,0,0,2,2,0,0,0,1,2,0,2,6,0,0,0,34,8,16,0,54.0,19.71,3.538,23.1,7.7,0.0,3.0,0.111,3,1,1,5,2,0,1,3,MXC,50,15,23,15,RP,0,2,6,92,0.333,2,0,6,18,6,6,0.0,8.7,23.5,31.2,50.0,12.5,6.2,-15.4,25.0,16.3,57.7
2024,673,Aguilas de Mexicali,805321,Trevor Kuncl,1,,4.5,47,0.24,0.255,0.268,0.523,12.0,3.75,0.75,5.25,3.2,0,0,0,0,1,0,0,0,1,0,0,7,0,0,0,104,35,26,7,63.0,18.25,4.66,10.6,34.0,0.021,0.313,0.098,6,3,1,9,1,0,4,2,MXC,139,29,70,35,RP,1,16,5,219,0.171,0,1,7,41,6,5,14.3,16.0,33.7,26.9,42.3,19.2,11.5,23.4,32.0,16.0,61.7
2024,673,Aguilas de Mexicali,810862,Angel Lopez,1,0.0,5.91,55,0.394,0.418,0.457,0.875,10.13,5.91,0.84,11.81,1.71,14,5,9,1,2,0,0,1,4,0,0,5,2,1,0,95,26,34,1,58.0,22.22,4.309,12.7,21.8,0.018,0.583,0.152,5,0,1,14,2,0,7,5,MXC,137,30,67,41,RP,1,12,7,237,0.304,2,0,14,46,7,6,14.3,11.0,27.4,20.6,55.9,23.5,0.0,9.1,28.3,17.3,54.5
2024,673,Aguilas de Mexicali,820906,Reynaldo Alvarez,1,0.0,18.69,26,0.643,0.538,0.9,1.438,14.54,6.23,2.08,20.77,2.33,2,2,3,2,0,0,0,1,3,1,0,5,1,0,0,40,12,15,0,63.0,25.38,4.231,11.5,26.9,0.038,0.429,0.4,2,1,1,1,4,0,4,2,MXC,69,16,39,27,"SP, RP",1,7,3,110,0.5,1,2,10,20,9,8,16.7,10.9,30.0,40.0,20.0,33.3,6.7,15.4,35.5,24.5,61.5
2024,673,Aguilas de Mexicali,829409,Sergio Garcia-Repper,1,,0.0,7,0.0,0.143,0.0,0.143,4.5,4.5,0.0,0.00,1.0,0,0,0,0,0,0,0,1,0,0,0,1,0,0,0,11,2,5,2,61.0,11.5,3.286,14.3,14.3,0.0,1.0,0.0,3,1,1,0,0,0,0,0,MXC,14,4,5,3,RP,0,1,1,23,0.0,0,0,0,6,0,0,0.0,8.7,18.2,60.0,0.0,20.0,20.0,0.0,21.7,13.0,57.1
2024,674,Charros de Jalisco,511648,Antonio Garzon,1,,6.0,39,0.364,0.395,0.387,0.782,9.0,4.0,1.0,9.00,2.25,16,3,8,4,0,1,0,3,0,0,2,7,0,0,0,70,17,24,3,59.0,17.78,4.103,10.3,23.1,0.026,0.444,0.097,6,1,1,7,4,0,2,3,JAL,94,23,40,23,RP,1,9,4,160,0.29,2,1,9,31,6,6,10.0,10.6,24.3,41.7,41.7,12.5,4.2,12.8,25.0,14.4,59.0
2024,674,Charros de Jalisco,527054,Julio Teheran,1,0.5,7.18,143,0.303,0.345,0.433,0.778,6.89,3.16,1.44,10.05,2.18,0,0,6,4,7,2,1,0,5,0,3,24,1,0,1,259,58,105,17,64.0,17.97,3.937,7.7,16.8,0.035,0.458,0.157,15,7,6,42,16,0,5,14,JAL,358,86,153,95,SP,5,24,11,563,0.276,3,1,35,127,25,24,16.1,10.3,22.4,29.5,53.3,10.5,6.7,9.1,27.2,16.9,60.1
2024,674,Charros de Jalisco,570620,Ivan Zavala,1,,2.77,54,0.146,0.278,0.217,0.495,2.77,3.46,0.69,4.85,0.8,6,2,3,1,1,0,0,3,0,0,1,11,0,0,0,74,7,42,2,54.0,15.62,3.759,9.3,7.4,0.019,1.25,0.065,18,6,0,11,5,0,0,2,JAL,110,22,43,36,RP,1,4,5,203,0.152,3,0,7,46,4,2,4.3,3.4,9.5,54.8,31.0,0.0,14.3,-1.9,21.2,17.7,40.7
2024,674,Charros de Jalisco,605446,Dereck Rodríguez,1,0.0,6.92,60,0.341,0.356,0.685,1.041,6.23,2.08,2.08,12.46,3.0,2,2,1,1,1,0,0,0,8,1,1,10,0,0,0,105,17,48,2,63.0,17.08,3.7,5.0,15.0,0.05,0.333,0.352,13,3,3,11,7,0,11,0,JAL,140,33,52,35,"SP, RP",3,9,3,222,0.333,0,2,18,54,10,10,15.0,7.7,16.2,41.7,22.9,29.2,6.2,10.0,23.4,15.8,55.0
2024,674,Charros de Jalisco,616405,Mario Meza,1,0.333,3.06,70,0.279,0.261,0.286,0.547,10.19,2.55,0.51,6.62,4.0,7,1,2,0,4,0,0,2,2,0,2,10,1,0,0,127,40,45,6,66.0,13.75,3.471,7.1,28.6,0.014,0.25,0.079,10,6,0,16,4,0,4,5,JAL,161,45,74,34,RP,1,20,5,243,0.206,0,1,13,63,6,3,7.1,16.5,31.5,31.1,46.7,8.9,13.3,21.5,30.5,14.0,64.3
2024,674,Charros de Jalisco,616617,Adrian Gusman,1,1.0,0.0,45,0.147,0.133,0.114,0.247,6.75,0.68,0.0,3.38,10.0,8,1,2,0,0,0,0,0,0,0,0,4,0,0,0,95,23,34,15,67.0,13.95,4.133,2.2,22.2,0.0,0.1,0.0,6,2,4,17,1,0,1,3,JAL,124,29,52,29,RP,0,10,1,186,0.114,0,0,5,44,0,0,0.0,12.4,24.2,20.6,58.8,14.7,5.9,20.0,28.0,15.6,64.4
2024,674,Charros de Jalisco,620396,Miguel Aguilar,1,0.0,6.17,50,0.323,0.306,0.409,0.715,10.03,3.09,0.77,8.49,3.25,7,1,5,2,0,0,0,4,4,0,2,7,0,0,0,102,24,33,5,64.0,17.83,4.16,8.0,26.0,0.02,0.308,0.159,4,0,0,18,3,0,3,5,JAL,133,28,53,29,RP,1,13,4,208,0.25,0,1,11,44,8,7,14.3,11.5,23.5,21.2,69.7,9.1,0.0,18.0,25.5,13.9,56.0
2024,674,Charros de Jalisco,623441,Jared Wilson,1,0.0,1.69,20,0.214,0.2,0.158,0.358,8.44,1.69,0.0,5.06,5.0,0,0,0,0,1,0,0,1,0,0,0,1,1,0,0,33,5,14,5,63.0,14.25,3.8,5.0,25.0,0.0,0.2,0.0,4,0,0,7,1,0,1,1,JAL,48,10,20,15,RP,0,5,1,76,0.158,0,0,3,19,1,1,0.0,6.6,15.2,35.7,57.1,7.1,0.0,20.0,26.3,19.7,50.0
2024,674,Charros de Jalisco,624647,Victor González,1,,0.0,7,0.0,0.286,0.0,0.286,0.0,9.0,0.0,0.00,0.0,0,0,1,0,0,0,0,0,0,0,1,1,0,0,0,9,1,5,0,46.0,14.0,4.0,28.6,0.0,0.0,,0.0,0,1,0,4,0,0,0,0,JAL,19,5,8,6,RP,0,0,2,28,0.0,0,0,0,5,0,0,,3.6,11.1,0.0,80.0,0.0,20.0,-28.6,28.6,21.4,71.4
2024,674,Charros de Jalisco,641461,Trevor Clifton,1,0.667,1.32,54,0.355,0.294,0.304,0.598,10.54,2.63,0.0,7.24,4.0,5,2,0,0,1,0,0,11,3,0,1,5,2,0,0,89,33,34,5,61.0,14.78,3.741,7.4,29.6,0.0,0.25,0.065,6,3,1,13,3,0,3,5,JAL,124,36,68,35,RP,0,16,4,202,0.239,0,1,11,46,2,1,0.0,16.3,37.1,26.5,52.9,11.8,8.8,22.2,33.7,17.3,66.7
2024,674,Charros de Jalisco,642574,Ronald Medrano,1,0.5,3.51,140,0.266,0.317,0.322,0.639,7.02,4.05,0.54,7.29,1.73,0,0,3,1,1,1,3,0,4,1,3,18,0,0,0,250,76,97,23,62.0,16.77,3.993,10.7,18.6,0.014,0.577,0.099,22,8,4,36,4,0,10,13,JAL,345,82,170,94,SP,2,26,15,559,0.223,2,1,27,121,13,11,7.7,13.6,30.4,26.8,50.5,14.4,8.2,7.9,30.4,16.8,58.6
2024,674,Charros de Jalisco,645179,Luis Ivan Rodriguez,1,0.333,3.38,171,0.292,0.298,0.406,0.704,8.02,1.69,1.05,8.02,4.75,0,0,4,1,3,2,2,0,8,1,5,21,3,0,1,319,83,121,22,64.0,16.41,4.094,4.7,22.2,0.029,0.211,0.161,17,7,3,56,9,1,11,17,JAL,448,100,207,124,SP,5,38,8,700,0.245,4,1,38,155,16,16,19.2,11.9,26.0,21.5,60.3,11.6,6.6,17.5,29.6,17.7,58.5
2024,674,Charros de Jalisco,645799,Isaac Jimenez,1,0.5,7.15,51,0.303,0.353,0.455,0.808,7.94,4.76,1.59,9.53,1.67,6,1,6,3,0,0,0,2,2,0,1,10,4,0,0,101,25,35,6,58.0,19.24,4.275,11.8,19.6,0.039,0.6,0.182,9,4,2,8,4,0,4,4,JAL,127,23,51,26,RP,2,10,6,218,0.273,0,1,12,44,9,8,15.4,11.5,24.8,37.1,34.3,17.1,11.4,7.8,23.4,11.9,45.1
2024,674,Charros de Jalisco,668155,Alberto Leyva,1,,7.71,48,0.429,0.479,0.667,1.146,8.68,7.71,1.93,13.50,1.13,12,4,9,1,1,1,0,3,4,1,1,6,0,0,1,75,19,30,4,56.0,20.68,4.021,16.7,18.8,0.042,0.889,0.308,6,2,2,6,3,0,5,6,JAL,109,25,53,34,RP,2,9,8,193,0.359,1,0,14,39,8,8,22.2,9.8,25.3,30.0,40.0,23.3,6.7,2.1,27.5,17.6,52.1
2024,674,Charros de Jalisco,672598,Alemao Hernandez,1,0.5,4.6,136,0.296,0.353,0.381,0.734,4.88,4.02,0.86,9.19,1.21,0,0,4,0,1,1,3,0,4,0,4,20,1,0,1,236,35,104,22,61.0,16.91,3.897,10.3,12.5,0.022,0.824,0.11,22,6,5,39,12,0,7,13,JAL,323,83,118,83,SP,3,17,14,530,0.271,1,0,32,118,16,16,8.8,6.6,14.8,32.7,50.0,11.5,5.8,2.2,22.3,15.7,61.0
2024,674,Charros de Jalisco,674478,Luis Payan,1,0.6,4.76,152,0.327,0.333,0.406,0.739,7.41,2.38,0.79,10.06,3.11,0,0,3,1,5,0,2,0,7,1,3,30,2,0,0,256,57,112,16,64.0,16.26,3.638,5.9,18.4,0.02,0.321,0.13,20,10,6,38,9,0,11,18,JAL,354,85,150,93,SP,3,28,9,553,0.275,3,0,38,138,18,14,10.3,10.3,22.3,25.9,50.0,15.2,8.9,12.5,27.1,16.8,55.9
2024,674,Charros de Jalisco,677915,Dario Gardea,1,,1.08,36,0.273,0.333,0.233,0.566,8.64,4.32,0.0,6.48,2.0,0,0,2,0,0,0,0,6,1,0,2,4,1,0,0,57,12,22,3,59.0,16.8,3.889,11.1,22.2,0.0,0.5,0.033,4,3,2,7,1,0,3,2,JAL,82,18,37,25,RP,0,8,4,140,0.2,2,0,6,30,1,0,0.0,8.6,21.1,22.7,40.9,22.7,13.6,11.1,26.4,17.9,50.0
2024,674,Charros de Jalisco,678296,Luis Angel Rodriguez,1,,7.71,12,0.571,0.5,0.5,1.0,11.57,7.71,0.0,15.43,1.5,1,0,2,0,0,0,0,0,1,0,1,3,0,0,0,22,6,7,0,47.0,24.43,4.75,16.7,25.0,0.0,0.667,0.1,0,1,0,2,1,0,1,2,JAL,27,2,10,4,RP,0,3,2,57,0.4,0,0,4,10,2,2,0.0,10.5,27.3,14.3,57.1,14.3,14.3,8.3,17.5,7.0,16.7
2024,674,Charros de Jalisco,680048,Aldo Ramirez,1,,10.8,12,0.429,0.583,0.429,1.012,5.4,21.6,0.0,16.20,0.25,3,3,3,2,0,0,0,0,0,0,0,3,0,0,0,15,1,7,0,43.0,30.6,4.25,33.3,8.3,0.0,4.0,0.0,1,1,0,2,0,0,0,3,JAL,22,5,8,7,RP,0,1,4,51,0.429,0,1,3,7,2,2,0.0,2.0,6.7,14.3,71.4,0.0,14.3,-25.0,15.7,13.7,41.7
2024,674,Charros de Jalisco,686317,Edgar Manzo,1,,11.25,25,0.333,0.52,0.647,1.167,4.5,13.5,2.25,13.50,0.33,3,0,2,0,1,0,0,0,2,0,0,3,1,0,0,40,8,16,0,59.0,21.25,3.4,24.0,8.0,0.04,3.0,0.294,4,2,1,3,3,0,0,3,JAL,50,13,18,10,RP,1,2,6,85,0.353,1,1,6,17,5,5,14.3,9.4,20.0,43.8,37.5,6.2,12.5,-16.0,21.2,11.8,52.0
2024,674,Charros de Jalisco,691839,Joe Jones,1,,7.71,27,0.313,0.462,0.55,1.012,5.79,9.64,1.93,11.57,0.6,1,1,6,0,0,0,0,0,2,0,0,5,1,0,0,39,10,18,10,55.0,20.36,3.519,18.5,11.1,0.037,1.667,0.25,4,0,2,6,2,0,3,1,JAL,52,16,23,13,RP,1,3,5,95,0.3,1,0,6,20,4,2,16.7,10.5,25.6,33.3,38.9,27.8,0.0,-7.4,24.2,13.7,59.3
2024,674,Charros de Jalisco,800079,Cristian Alvarado,1,1.0,10.24,47,0.286,0.383,0.537,0.92,3.72,4.66,2.79,12.10,0.8,10,2,8,3,1,0,0,3,0,0,1,12,0,0,0,94,23,38,16,63.0,18.72,3.851,10.6,8.5,0.064,1.25,0.22,9,3,1,12,4,0,4,5,JAL,114,24,43,20,RP,3,4,5,181,0.317,0,1,13,41,11,11,23.1,12.7,24.5,34.2,44.7,13.2,7.9,-2.1,23.8,11.0,51.1
2024,674,Charros de Jalisco,802581,Alejandro Morales,1,,3.0,14,0.556,0.429,0.385,0.814,12.0,3.0,0.0,15.00,4.0,1,1,4,0,1,1,0,0,0,0,0,2,0,0,0,27,8,9,3,59.0,19.33,4.143,7.1,28.6,0.0,0.25,0.0,2,2,0,0,0,0,2,3,JAL,34,8,15,7,RP,0,4,1,58,0.385,0,0,5,13,1,0,0.0,13.8,29.6,22.2,33.3,22.2,22.2,21.5,25.9,12.1,57.1
2024,675,Caneros de los Mochis,477584,Tomas Solis,1,1.0,0.0,27,0.13,0.185,0.174,0.359,2.08,2.08,0.0,3.12,1.0,30,8,5,0,1,0,0,0,1,0,4,8,1,0,0,43,6,23,10,57.0,11.65,3.741,7.4,7.4,0.0,1.0,0.043,4,5,1,10,0,0,3,0,MOC,58,12,21,15,RP,0,2,2,101,0.13,0,2,3,23,0,0,0.0,5.9,14.0,17.4,43.5,17.4,21.7,0.0,20.8,14.9,44.4
2024,675,Caneros de los Mochis,542278,Fredy Quintero,1,0.0,7.56,35,0.241,0.314,0.515,0.829,2.16,2.16,2.16,9.72,1.0,1,1,1,1,0,1,0,1,2,0,0,7,0,0,0,57,10,31,0,60.0,14.88,3.543,5.7,5.7,0.057,1.0,0.242,6,2,1,13,3,0,3,3,MOC,75,19,28,18,"SP, RP",2,2,2,124,0.273,0,0,9,33,7,6,22.2,8.1,17.5,29.0,51.6,12.9,6.5,0.0,22.6,14.5,54.3
2024,675,Caneros de los Mochis,572177,Nick Struck,1,0.5,4.18,100,0.329,0.347,0.341,0.688,6.46,3.8,0.38,9.13,1.7,0,0,4,1,2,1,1,1,3,0,3,16,0,0,1,194,36,73,10,61.0,18.0,4.26,10.0,17.0,0.01,0.588,0.068,15,6,4,24,4,0,11,9,MOC,260,57,100,64,"SP, RP",1,17,10,426,0.273,0,0,24,88,11,9,5.3,8.5,18.6,26.0,45.2,20.5,8.2,7.0,23.5,15.0,57.0
2024,675,Caneros de los Mochis,597113,DJ Johnson,1,,10.13,25,0.412,0.458,0.4,0.858,5.06,3.38,0.0,11.81,1.5,0,0,5,2,0,0,0,4,1,0,2,7,1,0,0,40,7,18,0,57.0,19.31,4.12,8.0,12.0,0.0,0.667,0.05,1,0,0,10,0,0,4,3,MOC,79,15,35,27,RP,0,3,2,103,0.35,2,0,7,20,6,5,0.0,6.8,17.5,5.6,72.2,22.2,0.0,4.0,34.0,26.2,60.0
2024,675,Caneros de los Mochis,601978,Fabian Cota,1,0.667,1.04,70,0.22,0.25,0.213,0.463,6.23,2.6,0.0,5.71,2.4,7,0,3,0,1,0,0,11,2,0,0,10,0,0,0,136,40,52,5,67.0,14.88,3.686,7.1,17.1,0.0,0.417,0.033,11,4,4,22,3,0,3,5,MOC,172,33,73,33,RP,0,12,5,258,0.18,1,1,11,61,2,0,0.0,15.5,29.4,26.9,51.9,13.5,7.7,10.0,28.3,12.8,47.1
2024,675,Caneros de los Mochis,642532,Luis Miranda,1,0.667,2.61,124,0.271,0.276,0.307,0.583,5.52,1.16,0.29,7.84,4.75,0,0,0,0,5,1,5,0,5,0,3,17,1,0,0,217,39,98,25,64.0,14.39,3.597,3.2,15.3,0.008,0.211,0.07,21,10,5,35,4,0,6,17,MOC,286,74,105,66,SP,1,19,4,446,0.237,3,2,27,114,9,9,4.0,8.7,18.0,25.5,53.1,11.2,10.2,12.1,23.5,14.8,59.7
2024,675,Caneros de los Mochis,660826,Lupe Chavez,1,,3.32,86,0.276,0.259,0.273,0.532,8.72,2.08,0.0,6.65,4.2,13,7,3,3,4,1,0,1,3,1,3,17,1,0,0,146,35,59,6,66.0,14.77,3.721,5.8,24.4,0.0,0.238,0.065,10,9,3,21,2,1,6,7,MOC,210,51,99,64,RP,0,21,5,320,0.208,1,2,16,77,8,5,0.0,10.9,24.0,20.3,47.5,15.3,16.9,18.6,30.9,20.0,59.3
2024,675,Caneros de los Mochis,665958,Darel Torres,1,1.0,1.62,151,0.153,0.267,0.177,0.444,8.77,5.54,0.46,3.46,1.58,0,0,1,0,3,5,4,0,1,0,2,8,2,0,0,304,84,88,25,60.0,16.97,4.384,15.9,25.2,0.013,0.632,0.056,29,18,4,22,2,0,7,6,MOC,397,89,176,92,SP,2,38,24,662,0.121,1,1,15,124,7,7,6.5,12.7,27.6,35.2,31.8,12.5,20.5,9.3,26.6,13.9,58.9
2024,675,Caneros de los Mochis,667378,Dauris Valdez,1,,8.1,18,0.364,0.444,0.429,0.873,8.1,10.8,0.0,10.80,0.75,2,0,3,1,0,0,0,1,0,1,0,4,0,0,0,28,12,11,3,55.0,21.3,3.944,22.2,16.7,0.0,1.333,0.143,3,2,1,1,1,0,1,2,MOC,39,14,23,11,RP,0,3,4,71,0.286,0,0,4,14,3,3,0.0,16.9,42.9,36.4,27.3,18.2,18.2,-5.5,32.4,15.5,77.8
2024,675,Caneros de los Mochis,670328,Juan Gámez,1,,1.8,23,0.313,0.348,0.25,0.598,7.2,5.4,0.0,9.00,1.33,1,0,3,0,4,0,0,3,0,0,0,4,0,0,0,33,6,16,0,57.0,17.8,3.87,13.0,17.4,0.0,0.75,0.0,2,2,1,6,0,0,3,2,MOC,51,11,24,18,RP,0,4,3,89,0.25,0,0,5,20,1,0,0.0,6.7,18.2,12.5,50.0,25.0,12.5,4.4,27.0,20.2,47.8
2024,675,Caneros de los Mochis,671790,Ronald Bolaños,1,0.6,4.14,159,0.269,0.344,0.283,0.627,8.51,5.84,0.49,6.57,1.46,0,0,7,3,5,1,2,0,3,0,4,24,5,0,0,264,70,97,18,56.0,17.32,4.031,15.1,22.0,0.013,0.686,0.071,17,10,2,41,4,0,11,12,MOC,359,72,163,93,SP,2,35,24,641,0.213,3,3,27,127,17,16,9.5,10.9,26.5,21.6,54.6,13.4,10.3,6.9,25.4,14.5,45.3
2024,675,Caneros de los Mochis,676520,Manuel Alvarez,1,,5.68,35,0.444,0.486,0.308,0.794,11.37,12.79,0.0,11.37,0.89,0,0,5,3,0,0,0,1,0,0,1,6,3,0,0,56,14,18,1,53.0,22.11,4.0,25.7,22.9,0.0,1.125,0.0,4,1,0,5,0,0,3,5,MOC,74,18,31,17,RP,0,8,9,140,0.308,0,0,8,26,4,4,0.0,10.0,25.0,22.2,55.6,16.7,5.6,-2.8,22.1,12.1,51.4
2024,675,Caneros de los Mochis,679893,Manuel Urias,1,0.0,11.08,62,0.333,0.387,0.527,0.914,6.92,4.85,2.08,11.77,1.43,0,0,7,6,4,0,0,0,3,0,1,8,0,0,0,109,24,45,2,62.0,19.46,4.081,11.3,16.1,0.048,0.7,0.218,8,2,2,16,5,0,6,6,MOC,158,37,72,48,"SP, RP",3,10,7,253,0.309,0,0,17,55,16,16,23.1,9.5,22.0,28.9,48.9,17.8,4.4,4.8,28.5,19.0,59.7
2024,675,Caneros de los Mochis,681753,Adrian Hernandez,1,,6.14,34,0.308,0.364,0.276,0.64,3.68,3.68,0.0,9.82,1.0,3,2,7,5,0,0,0,0,0,0,0,8,0,0,0,47,10,27,3,58.0,15.41,3.324,8.8,8.8,0.0,1.0,0.0,3,2,1,13,0,1,3,4,MOC,66,17,27,17,RP,0,3,3,113,0.276,1,0,8,29,5,5,0.0,8.8,21.3,11.1,63.0,14.8,11.1,0.0,23.9,15.0,50.0
2024,675,Caneros de los Mochis,682779,Jose Luna,1,1.0,1.35,30,0.211,0.379,0.182,0.561,4.05,8.1,0.0,5.40,0.5,18,4,6,0,0,0,0,1,0,0,1,4,1,0,0,45,12,20,5,53.0,15.3,3.4,20.0,10.0,0.0,2.0,0.0,2,1,2,11,0,0,2,2,MOC,54,15,20,8,RP,0,3,6,102,0.182,1,0,4,22,1,0,0.0,11.8,26.7,10.0,65.0,20.0,5.0,-10.0,19.6,7.8,50.0
2024,675,Caneros de los Mochis,685692,Vicente Valenzuela,1,0.0,5.0,40,0.25,0.359,0.367,0.726,7.0,6.0,1.0,7.00,1.17,2,1,0,0,0,0,0,1,1,0,1,7,1,0,0,73,14,26,4,63.0,16.89,3.8,15.0,17.5,0.025,0.857,0.133,8,3,0,8,2,0,0,5,MOC,96,23,35,21,RP,1,7,6,152,0.233,1,2,7,30,5,3,10.0,9.2,19.2,38.5,50.0,0.0,11.5,2.5,23.0,13.8,57.5
2024,675,Caneros de los Mochis,685829,Irving Machuca,1,1.0,1.96,78,0.395,0.338,0.348,0.686,12.27,2.95,0.49,8.84,4.17,2,0,0,0,4,1,0,3,3,0,1,8,0,0,0,159,64,45,5,62.0,18.22,4.282,7.7,32.1,0.013,0.24,0.087,8,7,3,9,4,0,9,5,MOC,206,47,110,46,RP,1,25,6,334,0.261,2,0,18,69,4,4,8.3,19.2,40.3,26.7,31.1,26.7,15.6,24.4,32.9,13.8,60.3
2024,675,Caneros de los Mochis,691388,Jonas Garibay,1,,9.39,39,0.385,0.447,0.727,1.174,5.87,4.7,3.52,15.26,1.25,0,0,1,0,1,0,0,4,2,0,0,4,1,0,0,69,19,30,1,68.0,17.74,3.487,10.3,12.8,0.077,0.8,0.333,6,1,3,7,1,0,10,2,MOC,99,29,45,24,RP,3,5,4,136,0.394,0,1,13,33,8,8,42.9,14.0,27.5,23.3,30.0,43.3,3.3,2.5,33.1,17.6,74.4
2024,675,Caneros de los Mochis,703590,Frank Moscatiello,1,,3.0,16,0.125,0.438,0.2,0.638,6.0,18.0,0.0,3.00,0.33,0,0,3,1,0,0,0,0,1,0,0,1,0,0,0,22,7,8,2,39.0,23.0,4.312,37.5,12.5,0.0,3.0,0.1,4,0,1,2,0,0,1,0,MOC,27,6,12,5,RP,0,2,6,69,0.1,0,0,1,10,1,1,0.0,10.1,31.8,50.0,25.0,25.0,0.0,-25.0,17.4,7.2,37.5
2024,675,Caneros de los Mochis,703722,Miguel Vazquez,1,0.0,6.89,71,0.306,0.362,0.356,0.718,5.74,5.17,0.0,8.62,1.11,12,6,7,3,3,1,0,3,4,1,1,8,2,0,0,118,26,51,11,60.0,15.32,3.38,12.7,14.1,0.0,0.9,0.102,6,5,4,21,4,0,4,7,MOC,145,41,53,27,RP,0,10,9,240,0.254,1,0,15,59,12,9,0.0,10.8,22.0,19.6,54.9,15.7,9.8,1.4,22.1,11.2,57.7
2024,675,Caneros de los Mochis,703725,Luis Gastelum,1,,1.83,71,0.324,0.254,0.288,0.542,12.81,1.83,0.46,5.95,7.0,6,0,2,0,2,0,0,2,3,0,2,2,0,0,0,139,47,38,15,71.0,14.49,4.014,5.6,39.4,0.014,0.143,0.091,6,2,2,15,1,1,6,5,MOC,202,53,110,63,RP,1,28,4,285,0.197,1,0,13,66,4,3,14.3,16.5,33.8,18.4,52.6,21.1,7.9,33.8,38.6,22.1,74.6
2024,675,Caneros de los Mochis,803197,Marco Fregozo,1,,0.0,5,0.25,0.2,0.2,0.4,6.75,0.0,0.0,6.75,,2,1,0,0,0,0,0,1,0,0,0,0,0,0,0,8,3,4,0,61.0,13.5,3.6,0.0,20.0,0.0,,0.0,1,0,1,1,0,0,1,0,MOC,11,3,6,3,RP,0,1,0,18,0.2,0,0,1,5,0,0,0.0,16.7,37.5,25.0,25.0,50.0,0.0,20.0,33.3,16.7,60.0
2024,675,Caneros de los Mochis,806625,Victor Garcia,1,,6.75,8,0.6,0.5,0.571,1.071,13.5,6.75,0.0,20.25,2.0,0,0,2,0,0,0,0,0,1,0,0,1,0,0,0,13,4,5,0,66.0,21.75,3.625,12.5,25.0,0.0,0.5,0.143,1,0,0,1,1,0,1,1,MOC,19,8,10,6,RP,0,2,1,29,0.429,0,0,3,7,1,1,0.0,13.8,30.8,40.0,40.0,20.0,0.0,12.5,34.5,20.7,100.0
2024,675,Caneros de los Mochis,807586,Omar Araujo,1,0.4,3.03,136,0.258,0.309,0.3,0.609,6.06,4.13,0.28,7.16,1.47,0,0,7,1,4,0,2,0,3,2,1,25,1,0,0,248,42,98,16,62.0,16.99,4.081,11.0,16.2,0.007,0.682,0.083,21,9,4,38,3,0,10,13,MOC,344,74,135,93,SP,1,22,15,555,0.217,1,0,26,120,11,10,4.2,7.6,16.9,24.5,52.0,14.3,9.2,5.2,24.3,16.8,54.4
2024,676,Mayos de Navojoa,477462,Esteban Haro,1,1.0,6.75,56,0.319,0.327,0.308,0.635,3.75,2.25,0.0,11.25,1.67,2,0,9,6,1,0,0,0,1,0,1,15,1,0,0,99,15,48,3,62.0,18.0,3.857,5.4,8.9,0.0,0.6,0.019,10,6,4,13,0,0,6,9,NAV,134,31,48,33,RP,0,5,3,216,0.288,0,0,15,52,9,6,0.0,6.9,15.2,20.8,45.8,20.8,12.5,3.5,22.2,15.3,55.4
2024,676,Mayos de Navojoa,592761,Caleb Smith,1,0.667,4.96,73,0.4,0.384,0.377,0.761,11.57,5.51,0.0,8.82,2.1,0,0,4,3,1,1,0,0,5,1,2,11,1,0,0,144,52,40,7,60.0,19.35,4.329,13.7,28.8,0.0,0.476,0.115,4,6,2,12,3,0,8,5,NAV,189,35,96,44,SP,0,21,10,316,0.262,2,0,16,61,9,8,0.0,16.5,36.1,17.5,42.5,25.0,15.0,15.1,30.4,13.9,47.9
2024,676,Mayos de Navojoa,593594,Octavio Acosta,1,0.2,6.04,124,0.298,0.333,0.336,0.669,5.08,3.81,0.32,9.21,1.33,0,0,5,4,2,0,2,0,5,0,5,18,1,0,0,210,45,96,10,63.0,15.85,3.621,9.7,12.9,0.008,0.75,0.073,22,10,3,32,2,0,15,12,NAV,284,79,118,73,SP,1,16,12,449,0.264,0,1,29,110,19,17,4.2,10.0,21.4,25.0,45.8,18.8,10.4,3.2,26.3,16.3,63.7
2024,676,Mayos de Navojoa,619854,Carlos Bustamante,1,,2.37,74,0.224,0.257,0.391,0.648,8.05,2.37,1.42,6.63,3.4,9,6,1,0,6,0,0,2,2,1,1,5,0,0,0,133,46,52,3,64.0,14.05,3.608,6.8,23.0,0.041,0.294,0.188,11,9,1,17,6,0,4,4,NAV,172,51,83,37,RP,3,17,5,267,0.203,0,0,14,69,5,5,17.6,17.2,34.6,32.7,40.4,9.6,17.3,16.2,31.1,13.9,68.9
2024,676,Mayos de Navojoa,631229,Dalton Rodriguez,1,0.429,7.07,163,0.315,0.325,0.4,0.725,5.3,2.52,0.25,10.60,2.1,0,0,2,2,5,1,1,0,13,0,0,26,3,0,1,272,62,131,23,61.0,16.6,3.632,6.1,12.9,0.006,0.476,0.11,21,11,12,45,7,1,19,15,NAV,362,91,148,86,SP,1,21,10,592,0.29,1,7,42,145,28,19,3.6,10.5,22.8,21.4,45.8,23.7,9.2,6.8,25.0,14.5,55.8
2024,676,Mayos de Navojoa,642375,Jose Carlos Medina,1,,6.52,44,0.29,0.386,0.564,0.95,4.66,3.72,2.79,11.17,1.25,9,4,3,2,1,0,0,2,1,0,2,11,1,0,0,68,9,34,4,60.0,16.45,3.614,9.1,11.4,0.068,0.8,0.256,5,5,0,12,5,0,3,4,NAV,95,26,34,25,RP,3,5,4,159,0.308,1,0,12,39,7,7,30.0,5.7,13.2,29.4,47.1,8.8,14.7,2.3,21.4,15.7,59.1
2024,676,Mayos de Navojoa,662964,Francisco Haro,1,0.333,1.8,84,0.25,0.298,0.311,0.609,7.65,2.7,0.45,6.75,2.83,9,7,6,1,5,0,0,1,5,0,1,10,1,0,0,144,37,57,8,67.0,15.0,3.571,7.1,20.2,0.012,0.353,0.108,8,6,4,24,3,0,5,7,NAV,201,58,93,56,RP,1,17,6,300,0.203,4,0,15,74,4,4,9.1,12.3,25.7,19.3,54.4,15.8,10.5,13.1,31.0,18.7,69.0
2024,676,Mayos de Navojoa,663820,Alex Valverde,1,0.5,8.44,57,0.417,0.456,0.39,0.846,14.34,10.97,0.84,9.28,1.31,2,0,9,4,3,1,0,0,2,0,0,5,0,1,1,85,21,25,5,56.0,23.91,4.474,22.8,29.8,0.018,0.765,0.122,0,1,3,10,2,0,4,5,NAV,142,30,77,56,RP,1,17,13,255,0.268,2,1,11,41,10,10,50.0,8.2,24.7,8.0,60.0,28.0,4.0,7.0,30.2,22.0,52.6
2024,676,Mayos de Navojoa,670416,Zach Matson,1,0.25,4.71,129,0.257,0.328,0.394,0.722,9.73,5.34,1.57,7.53,1.82,0,0,2,1,1,0,1,0,4,0,0,15,3,0,0,215,48,80,14,60.0,17.97,3.992,13.2,24.0,0.039,0.548,0.174,20,9,1,26,5,1,10,8,NAV,310,78,136,88,SP,5,31,17,515,0.22,1,1,24,109,15,15,20.0,9.3,22.3,31.2,42.5,13.8,12.5,10.8,26.4,17.1,60.5
2024,676,Mayos de Navojoa,674476,Jonathan Partida,1,0.0,6.52,40,0.24,0.325,0.429,0.754,7.45,4.66,1.86,7.45,1.6,14,4,4,3,2,0,0,4,1,0,2,6,1,0,0,75,14,27,8,61.0,18.93,4.575,12.5,20.0,0.05,0.625,0.2,5,4,1,9,1,0,6,1,NAV,112,24,51,37,RP,2,8,5,183,0.229,0,0,8,35,7,6,33.3,7.7,18.7,22.2,37.0,25.9,14.8,7.5,27.9,20.2,60.0
2024,676,Mayos de Navojoa,677604,Damian Mendoza,1,0.5,2.22,114,0.274,0.274,0.287,0.561,9.21,2.86,0.32,6.67,3.22,3,2,2,1,0,1,1,2,5,0,2,13,0,0,1,208,60,75,17,63.0,15.56,3.868,7.9,25.4,0.009,0.31,0.079,9,2,9,34,2,0,8,11,NAV,280,66,131,71,"SP, RP",1,29,9,441,0.208,1,2,21,101,7,7,9.1,13.6,28.8,14.7,60.0,22.7,2.7,17.5,29.7,16.1,57.9
2024,676,Mayos de Navojoa,679857,Carlos Tavera,1,0.5,1.5,141,0.176,0.248,0.244,0.492,9.0,4.0,0.75,4.50,2.25,0,0,3,0,4,0,3,0,3,0,4,13,0,2,0,266,75,88,18,62.0,16.58,4.234,11.3,25.5,0.021,0.444,0.098,23,16,5,26,6,1,5,6,NAV,368,82,173,98,SP,3,36,16,597,0.146,1,1,18,123,6,5,10.3,12.6,28.2,33.0,36.4,11.4,19.3,14.2,29.0,16.4,58.2
2024,676,Mayos de Navojoa,680653,Denny Roman,1,,8.64,40,0.4,0.385,0.424,0.809,9.72,5.4,0.0,10.80,1.8,11,1,10,7,1,0,0,1,4,0,0,6,1,0,0,78,23,26,4,61.0,20.16,4.2,12.5,22.5,0.0,0.556,0.121,6,2,2,6,2,0,5,3,NAV,103,23,47,24,RP,0,9,5,168,0.303,0,1,10,33,8,8,0.0,13.7,29.5,30.8,34.6,26.9,7.7,10.0,28.0,14.3,57.5
2024,676,Mayos de Navojoa,683030,Edwyn Valle,1,1.0,6.17,51,0.219,0.306,0.556,0.862,6.94,3.09,3.09,8.49,2.25,6,4,1,1,1,0,0,3,2,0,0,7,0,0,0,101,27,38,11,64.0,17.23,3.941,7.8,17.6,0.078,0.444,0.311,5,8,3,11,5,0,3,3,NAV,128,28,54,27,RP,4,9,4,201,0.244,0,0,11,45,8,8,40.0,13.4,26.7,26.3,36.8,15.8,21.1,9.8,26.9,13.4,54.9
2024,676,Mayos de Navojoa,691823,Esteban Bloch,1,0.0,10.8,63,0.359,0.441,0.58,1.021,6.17,5.4,2.31,13.11,1.14,10,7,9,4,1,0,0,4,3,0,1,12,0,0,0,102,16,46,0,60.0,19.29,3.571,11.1,12.7,0.048,0.875,0.24,6,1,1,21,5,0,8,4,NAV,136,39,49,33,RP,3,8,7,225,0.34,2,0,17,50,14,12,27.3,7.1,15.7,23.9,54.3,19.6,2.2,1.6,21.8,14.7,61.9
2024,676,Mayos de Navojoa,692940,Erick Preciado,1,1.0,3.0,56,0.405,0.393,0.46,0.853,9.0,3.75,0.75,12.00,2.4,4,4,3,0,1,0,0,2,4,0,1,6,2,0,0,106,38,38,6,58.0,18.0,3.857,8.9,21.4,0.018,0.417,0.14,11,2,1,8,2,0,8,6,NAV,126,29,57,19,RP,1,12,5,216,0.32,1,0,16,50,4,3,7.7,17.6,35.8,34.2,36.8,23.7,5.3,12.5,26.4,8.8,51.8
2024,676,Mayos de Navojoa,703006,Jorge Sauceda,1,,5.56,60,0.333,0.475,0.467,0.942,3.97,7.94,0.79,11.12,0.5,4,3,6,1,0,1,0,1,4,0,1,7,2,0,1,106,20,41,1,58.0,21.0,3.967,16.7,8.3,0.017,2.0,0.156,7,4,3,13,3,0,8,3,NAV,137,34,49,29,"SP, RP",1,5,10,238,0.311,4,0,14,45,7,7,10.0,8.4,18.9,24.4,39.0,26.8,9.8,-8.4,20.6,12.2,56.7
2024,676,Mayos de Navojoa,802568,Daniel Zazueta,1,,9.0,8,0.5,0.286,0.286,0.572,13.5,0.0,0.0,9.00,,6,0,2,2,0,0,0,1,0,0,0,1,0,0,0,15,4,5,3,65.0,17.0,4.25,0.0,37.5,0.0,,0.0,0,0,0,3,0,0,1,1,NAV,22,5,11,7,RP,0,3,0,34,0.286,0,0,2,7,2,2,,11.8,26.7,0.0,80.0,20.0,0.0,37.5,32.4,20.6,62.5
2024,676,Mayos de Navojoa,820829,Charlie Hasty,1,0.0,4.5,84,0.211,0.305,0.313,0.618,5.4,5.4,0.45,5.85,1.0,3,1,2,1,3,1,0,15,5,0,1,13,0,0,0,155,28,60,2,62.0,16.75,3.988,14.3,14.3,0.012,1.0,0.119,14,13,2,18,5,0,6,2,NAV,208,50,79,51,RP,1,12,12,335,0.194,0,3,13,67,10,7,5.3,8.4,18.1,31.7,33.3,13.3,21.7,0.0,23.6,15.2,59.5
2024,677,Naranjeros de Hermosillo,476594,Robert Stock,1,0.75,2.15,200,0.244,0.263,0.257,0.52,8.4,2.68,0.36,6.08,3.13,0,0,2,0,2,1,6,0,6,0,2,16,5,0,1,337,80,135,26,62.0,15.72,3.955,7.5,23.5,0.01,0.319,0.067,33,8,3,57,5,0,16,13,HER,492,119,231,151,SP,2,47,15,791,0.19,3,1,34,179,12,9,5.3,10.1,23.7,28.1,51.9,14.1,5.9,16.0,29.2,19.1,59.5
2024,677,Naranjeros de Hermosillo,477569,Fernando Salas,1,0.5,6.75,60,0.391,0.448,0.396,0.844,3.0,6.0,0.0,13.50,0.5,2,1,2,0,0,1,0,13,1,0,1,17,0,0,0,114,22,48,3,70.0,16.75,3.35,13.3,6.7,0.0,2.0,0.021,9,6,1,14,0,0,12,6,HER,140,43,47,25,RP,0,4,8,201,0.375,0,2,18,48,9,6,0.0,10.9,19.3,18.8,41.7,27.1,12.5,-6.6,23.4,12.4,71.7
2024,677,Naranjeros de Hermosillo,502515,Raul Barron,1,,3.86,49,0.278,0.313,0.302,0.615,5.4,3.86,0.0,7.71,1.4,8,1,5,3,1,0,0,2,1,1,2,14,3,0,0,95,17,37,5,64.0,16.89,4.02,10.2,14.3,0.0,0.714,0.07,3,6,4,14,3,0,4,3,HER,126,24,47,30,RP,0,7,5,197,0.233,0,0,10,43,5,4,0.0,8.6,17.9,16.2,45.9,21.6,16.2,4.1,23.9,15.2,49.0
2024,677,Naranjeros de Hermosillo,510552,Ozzie Mendez,1,1.0,2.16,34,0.333,0.333,0.3,0.633,6.48,3.24,0.0,8.64,2.0,10,3,6,1,0,0,0,0,1,0,1,8,0,0,0,57,13,25,3,60.0,16.44,4.029,8.8,17.6,0.0,0.5,0.033,7,2,1,7,3,0,3,2,HER,82,18,36,23,RP,0,6,3,137,0.267,0,0,8,30,2,2,0.0,9.5,22.8,40.0,36.0,16.0,8.0,8.8,26.3,16.8,52.9
2024,677,Naranjeros de Hermosillo,594027,Tayron Guerrero,1,,2.79,40,0.286,0.275,0.2,0.475,13.03,2.79,0.0,5.59,4.67,1,0,0,0,4,1,0,1,1,0,0,5,0,0,0,96,33,21,5,68.0,18.52,4.475,7.5,35.0,0.0,0.214,0.029,6,0,0,9,3,0,2,1,HER,121,20,57,24,RP,0,14,3,179,0.171,2,0,6,35,3,2,0.0,18.4,34.4,42.9,47.6,9.5,0.0,27.5,31.8,13.4,50.0
2024,677,Naranjeros de Hermosillo,625068,Javier Rodriguez,1,,0.0,21,0.2,0.381,0.188,0.569,2.08,10.38,0.0,6.23,0.2,3,1,4,0,0,0,0,2,0,0,0,5,0,0,0,34,9,15,6,50.0,19.85,4.095,23.8,4.8,0.0,5.0,0.0,3,0,2,7,1,0,0,2,HER,43,12,18,9,RP,0,1,5,86,0.188,0,0,3,16,0,0,0.0,10.5,26.5,26.7,60.0,13.3,0.0,-19.0,20.9,10.5,57.1
2024,677,Naranjeros de Hermosillo,641852,Thomas McIlraith,1,1.0,2.0,40,0.259,0.3,0.2,0.5,8.0,2.0,0.0,7.00,4.0,4,2,2,0,1,0,0,4,0,0,0,8,2,0,0,79,19,27,5,64.0,18.0,4.05,5.0,20.0,0.0,0.25,0.0,11,2,1,6,0,1,4,2,HER,104,26,44,25,RP,0,8,2,162,0.2,3,0,7,35,2,1,0.0,11.7,24.1,40.7,29.6,18.5,11.1,15.0,27.2,15.4,65.0
2024,677,Naranjeros de Hermosillo,643494,A.J. Puckett,1,0.667,2.84,106,0.258,0.305,0.286,0.591,9.59,3.2,0.71,6.39,3.0,6,3,3,0,0,1,0,7,2,0,2,13,1,1,0,179,46,65,13,63.0,15.04,3.594,8.5,25.5,0.019,0.333,0.088,7,5,2,33,3,0,5,10,HER,241,61,106,60,RP,2,27,9,381,0.198,5,0,18,91,8,7,20.0,12.1,25.7,15.4,66.2,10.8,7.7,17.0,27.8,15.7,57.5
2024,677,Naranjeros de Hermosillo,643518,Jose Samayoa,1,0.5,2.79,171,0.302,0.3,0.305,0.605,8.14,2.79,0.21,7.71,2.92,0,0,3,1,5,3,4,0,6,1,2,24,0,0,0,325,71,118,15,64.0,16.31,4.006,7.6,22.2,0.006,0.342,0.071,27,16,3,36,7,1,14,14,HER,436,109,180,109,SP,1,38,13,685,0.234,2,1,36,154,13,13,2.9,10.4,21.8,28.8,42.4,14.4,14.4,14.6,26.3,15.9,63.7
2024,677,Naranjeros de Hermosillo,658140,Wilmer Rios,1,0.667,5.01,100,0.329,0.354,0.367,0.721,3.47,1.93,0.39,10.80,1.8,0,0,2,2,2,2,2,0,2,0,4,24,0,0,0,169,29,84,10,62.0,15.0,3.5,5.0,9.0,0.01,0.556,0.056,14,8,2,31,4,0,11,13,HER,218,51,78,49,SP,1,9,5,350,0.311,2,2,28,90,13,11,5.6,8.3,17.2,21.4,52.4,15.5,9.5,4.0,22.3,14.0,51.0
2024,677,Naranjeros de Hermosillo,660604,Alan Rangel,1,0.2,3.38,137,0.32,0.319,0.374,0.693,7.31,2.81,0.28,9.00,2.6,0,0,4,3,6,0,2,0,11,0,1,22,1,0,0,253,70,100,5,65.0,16.34,3.818,7.3,19.0,0.007,0.385,0.114,22,13,4,29,6,1,22,3,HER,342,76,157,87,SP,1,26,10,523,0.26,1,1,32,123,12,12,3.6,13.4,27.7,28.0,32.0,26.0,14.0,11.7,30.0,16.6,55.5
2024,677,Naranjeros de Hermosillo,666016,Jose Albertos,1,,6.14,38,0.292,0.447,0.25,0.697,4.91,8.59,0.0,8.59,0.57,1,0,8,1,3,0,0,0,0,0,0,6,0,0,0,50,13,24,8,50.0,19.77,3.816,18.4,10.5,0.0,1.75,0.0,2,0,0,15,0,0,2,5,HER,73,15,36,23,"SP, RP",0,4,7,145,0.25,3,0,7,28,5,4,0.0,9.0,26.0,8.3,83.3,8.3,0.0,-7.9,24.8,15.9,39.5
2024,677,Naranjeros de Hermosillo,668954,Curtis Taylor,1,0.0,5.63,136,0.375,0.348,0.454,0.802,10.13,2.53,1.41,9.84,4.0,0,0,1,0,2,5,2,0,4,0,1,19,3,0,2,271,83,89,13,66.0,16.59,3.904,6.6,26.5,0.037,0.25,0.16,22,6,3,23,6,0,17,12,HER,350,87,159,76,"SP, RP",5,36,9,531,0.294,2,2,35,119,20,19,17.9,15.6,30.6,31.5,39.3,22.5,6.7,19.9,29.9,14.3,64.0
2024,677,Naranjeros de Hermosillo,676689,Ricky Karcher,1,0.75,2.78,89,0.289,0.284,0.171,0.455,12.31,4.37,0.0,5.16,2.82,4,1,2,2,1,3,0,3,0,0,3,12,4,0,0,167,59,46,15,62.0,17.07,4.348,12.4,34.8,0.0,0.355,0.0,6,5,0,22,1,0,5,7,HER,240,48,128,69,RP,0,31,11,387,0.171,1,0,13,76,7,4,0.0,15.2,35.3,15.2,63.0,10.9,10.9,22.4,33.1,17.8,53.9
2024,677,Naranjeros de Hermosillo,681659,Jorge Rodriguez,1,,2.77,52,0.25,0.286,0.378,0.664,7.62,2.77,1.38,6.92,2.75,4,0,5,0,1,1,0,0,1,0,1,10,0,0,0,89,14,37,2,60.0,17.23,4.308,7.7,21.2,0.038,0.364,0.156,8,2,0,17,3,0,2,5,HER,135,27,59,45,"SP, RP",2,11,4,224,0.222,0,0,10,45,4,3,18.2,6.2,15.7,29.7,59.5,5.4,5.4,13.5,26.3,20.1,51.9
2024,677,Naranjeros de Hermosillo,684169,Joel Ibarra,1,,0.0,4,0.0,0.5,0.0,0.5,9.0,18.0,0.0,0.00,0.5,0,0,0,0,0,0,0,0,0,0,1,1,0,0,0,4,2,1,1,40.0,20.0,5.0,50.0,25.0,0.0,2.0,0.0,0,0,0,1,0,0,0,0,HER,8,1,6,4,RP,0,1,2,20,0.0,0,0,0,2,0,0,,10.0,50.0,0.0,100.0,0.0,0.0,-25.0,30.0,20.0,25.0
2024,677,Naranjeros de Hermosillo,701432,Orlando Gonzalez,1,,10.8,26,0.444,0.44,0.652,1.092,7.2,1.8,1.8,16.20,4.0,7,4,4,0,0,0,0,1,3,0,0,3,0,0,0,43,12,20,0,62.0,17.2,3.308,3.8,15.4,0.038,0.25,0.261,3,1,2,5,3,0,2,4,HER,53,14,22,10,RP,1,4,1,86,0.391,1,0,9,23,6,6,16.7,14.0,27.9,30.0,45.0,20.0,5.0,11.6,25.6,11.6,53.8
2024,677,Naranjeros de Hermosillo,703716,Anibal Cervantes,1,,11.57,33,0.476,0.469,0.462,0.931,7.71,5.14,0.0,12.86,1.5,7,3,6,6,3,1,0,2,2,0,2,10,1,0,0,53,13,22,0,60.0,16.29,3.455,12.1,18.2,0.0,0.667,0.077,4,3,1,4,0,0,3,7,HER,68,17,27,14,RP,0,6,4,114,0.385,1,1,10,26,9,9,0.0,11.4,24.5,18.2,50.0,18.2,13.6,6.1,23.7,12.3,51.5
2024,677,Naranjeros de Hermosillo,800078,Augusto Mendieta,1,,3.86,41,0.269,0.317,0.206,0.523,8.68,4.82,0.0,6.75,1.8,10,1,5,4,0,1,0,1,0,0,1,6,1,0,0,64,14,26,2,60.0,16.71,3.805,12.2,22.0,0.0,0.556,0.0,4,1,3,11,0,0,2,5,HER,93,27,43,29,RP,0,9,5,156,0.206,1,1,7,34,4,4,0.0,9.0,21.9,15.4,61.5,19.2,3.8,9.8,27.6,18.6,65.9
2024,677,Naranjeros de Hermosillo,806517,Saul Arias,1,1.0,5.79,21,0.308,0.476,0.625,1.101,3.86,7.71,1.93,9.64,0.5,5,2,3,1,0,1,0,0,0,1,2,4,0,0,0,32,6,14,0,52.0,19.07,4.238,19.0,9.5,0.048,2.0,0.313,4,1,1,3,3,0,0,2,HER,46,11,20,14,RP,1,2,4,89,0.313,1,0,5,16,3,3,14.3,6.7,18.8,50.0,35.7,7.1,7.1,-9.5,22.5,15.7,52.4
2024,677,Naranjeros de Hermosillo,811370,Enrique Castillo,1,,6.23,20,0.375,0.4,0.5,0.9,14.54,8.31,2.08,8.31,1.75,3,3,3,1,0,1,0,2,1,0,0,3,1,0,0,36,12,9,0,60.0,20.08,4.35,20.0,35.0,0.05,0.571,0.25,3,1,0,1,2,0,2,0,HER,52,12,28,16,RP,1,7,4,87,0.25,0,0,4,16,3,2,20.0,13.8,33.3,55.6,11.1,22.2,11.1,15.0,32.2,18.4,60.0
2024,678,Tomateros de Culiacan,518435,Manny Barreda,1,0.857,2.4,178,0.26,0.333,0.318,0.651,5.88,5.66,0.22,7.19,1.04,0,0,6,0,5,3,3,0,10,1,2,32,2,0,0,294,71,125,23,59.0,16.43,3.815,14.6,15.2,0.006,0.963,0.099,25,11,11,45,4,0,18,11,CUL,401,98,176,105,SP,1,27,26,679,0.219,0,0,33,151,11,9,3.4,10.5,24.1,23.2,44.8,23.2,8.8,0.6,25.9,15.5,55.1
2024,678,Tomateros de Culiacan,544365,Manny Bañuelos,1,1.0,2.93,65,0.262,0.308,0.214,0.522,8.22,5.28,0.0,6.46,1.56,0,0,2,1,3,0,1,0,1,0,2,11,0,0,1,120,36,42,10,62.0,17.41,4.108,13.8,21.5,0.0,0.643,0.018,10,5,1,15,2,0,5,4,CUL,166,43,80,44,SP,0,14,9,267,0.196,0,0,11,56,5,4,0.0,13.5,30.0,28.6,45.2,14.3,11.9,7.7,30.0,16.5,66.2
2024,678,Tomateros de Culiacan,594105,Aldo Montes,1,0.6,5.18,150,0.313,0.374,0.357,0.731,4.09,4.09,0.55,10.09,1.0,0,0,9,5,1,1,3,0,3,0,6,30,1,0,0,226,28,117,21,59.0,16.45,3.62,10.0,10.0,0.013,1.0,0.07,20,9,7,44,4,0,23,10,CUL,319,77,116,88,SP,2,15,15,543,0.287,3,0,37,129,19,17,8.3,5.2,12.4,20.5,46.2,25.6,7.7,0.0,21.4,16.2,51.3
2024,678,Tomateros de Culiacan,624647,Victor González,1,,0.0,3,0.5,0.333,0.333,0.666,9.0,0.0,0.0,9.00,,0,0,0,0,0,0,0,0,0,0,1,1,0,0,0,4,1,2,0,75.0,8.0,2.667,0.0,33.3,0.0,,0.0,0,0,0,1,0,0,1,0,CUL,19,5,8,6,RP,0,1,0,8,0.333,0,0,1,3,0,0,,12.5,25.0,0.0,50.0,50.0,0.0,33.3,100.0,75.0,166.7
2024,678,Tomateros de Culiacan,639238,Edgar Arredondo,1,0.333,5.65,127,0.344,0.413,0.427,0.84,3.14,4.08,0.63,10.67,0.77,0,0,9,5,4,2,0,0,2,1,7,25,0,0,0,223,35,101,14,60.0,17.16,3.874,10.2,7.9,0.016,1.3,0.097,17,5,3,42,6,1,14,13,CUL,295,67,104,69,SP,2,10,13,492,0.33,3,2,34,103,18,17,8.7,7.1,15.7,22.8,54.5,16.8,5.9,-2.3,21.1,14.0,52.8
2024,678,Tomateros de Culiacan,641962,CD Pelham,1,1.0,2.4,67,0.326,0.348,0.293,0.641,7.2,4.8,0.0,9.00,1.5,11,0,5,2,0,0,0,2,0,1,1,13,1,0,0,125,31,47,7,63.0,17.0,3.806,11.9,17.9,0.0,0.667,0.034,10,4,3,15,3,0,3,9,CUL,161,36,66,35,RP,0,12,8,255,0.259,0,0,15,58,4,4,0.0,12.2,24.8,27.7,51.1,12.8,8.5,6.0,25.9,13.7,53.7
2024,678,Tomateros de Culiacan,641995,Roel Ramírez,1,,27.0,7,0.5,0.571,0.5,1.071,0.0,9.0,0.0,27.00,0.0,1,0,2,2,1,0,0,0,0,0,0,2,0,0,0,9,0,6,0,61.0,23.0,3.286,14.3,0.0,0.0,,0.0,1,0,0,2,0,0,2,1,CUL,14,4,5,5,RP,0,0,1,23,0.5,0,0,3,6,3,2,0.0,0.0,0.0,16.7,50.0,33.3,0.0,-14.3,21.7,21.7,57.1
2024,678,Tomateros de Culiacan,653252,Sasagi Sanchez,1,0.5,2.41,66,0.111,0.182,0.306,0.488,6.75,1.93,1.45,3.86,3.5,0,0,1,0,1,1,0,2,0,1,1,3,0,0,0,136,32,48,11,68.0,14.04,3.97,6.1,21.2,0.045,0.286,0.177,10,12,3,15,3,0,4,1,CUL,177,43,72,40,RP,3,14,4,262,0.129,0,0,8,62,5,4,23.1,12.2,23.5,27.1,33.3,14.6,25.0,15.1,27.5,15.3,65.2
2024,678,Tomateros de Culiacan,660420,Carlos Machorro,1,,9.64,25,0.5,0.44,0.409,0.849,11.57,5.79,0.0,15.43,2.0,3,3,2,2,0,0,0,2,1,0,1,8,0,0,0,41,12,16,6,63.0,19.71,3.68,12.0,24.0,0.0,0.5,0.045,2,0,0,6,1,0,3,4,CUL,58,15,29,17,RP,0,6,3,92,0.364,0,0,8,22,5,5,0.0,13.0,29.3,18.8,62.5,18.8,0.0,12.0,31.5,18.5,60.0
2024,678,Tomateros de Culiacan,664823,David Gutierrez,1,0.5,1.84,57,0.344,0.345,0.479,0.824,9.2,2.45,1.23,7.98,3.75,21,10,2,0,0,0,0,2,4,0,3,10,0,0,0,111,28,36,12,69.0,14.66,3.772,7.0,26.3,0.035,0.267,0.208,4,4,2,13,4,0,4,5,CUL,149,36,62,34,RP,2,15,4,215,0.271,2,1,13,48,3,3,25.0,13.0,25.2,22.2,50.0,16.7,11.1,19.3,28.8,15.8,63.2
2024,678,Tomateros de Culiacan,666017,Ruben Reyes,O,,2.7,25,0.2,0.32,0.333,0.653,6.75,4.05,1.35,5.40,1.67,7,1,3,1,0,0,0,2,0,0,2,4,1,0,0,53,18,16,0,63.0,14.85,3.96,12.0,20.0,0.04,0.6,0.143,2,4,0,6,1,0,1,2,CUL,62,13,27,9,RP,1,5,3,99,0.19,1,0,4,21,2,2,33.3,18.2,34.0,18.8,50.0,6.2,25.0,8.0,27.3,9.1,52.0
2024,678,Tomateros de Culiacan,668665,Stephen Nogosek,1,1.0,1.0,66,0.22,0.197,0.148,0.345,10.5,1.5,0.0,4.50,7.0,0,0,0,0,1,0,0,15,0,0,1,4,1,0,0,141,41,41,4,70.0,13.94,3.803,4.5,31.8,0.0,0.143,0.0,11,6,2,13,1,0,3,5,CUL,175,51,75,34,RP,0,21,3,251,0.148,1,1,9,61,2,0,0.0,16.3,29.1,29.3,43.9,12.2,14.6,27.3,29.9,13.5,77.3
2024,678,Tomateros de Culiacan,669214,Conner Menez,1,0.6,3.91,109,0.242,0.361,0.337,0.698,6.75,7.46,0.71,6.39,0.9,0,0,1,1,2,1,2,0,3,1,3,16,3,0,1,173,33,69,18,58.0,17.57,4.083,19.3,17.4,0.018,1.105,0.128,14,9,2,26,4,0,7,7,CUL,257,56,117,84,SP,2,19,21,445,0.209,0,1,18,86,11,11,11.1,7.4,19.1,26.1,47.8,13.0,13.0,-1.9,26.3,18.9,51.4
2024,678,Tomateros de Culiacan,670986,Jose Bravo,1,0.667,4.63,93,0.276,0.286,0.4,0.686,8.87,2.31,1.54,7.71,3.83,0,0,4,0,1,0,2,0,2,0,2,10,0,0,0,164,47,64,14,65.0,14.53,3.645,6.5,24.7,0.043,0.261,0.165,14,2,2,26,4,0,8,8,CUL,221,61,104,57,"SP, RP",4,23,6,339,0.235,0,0,20,85,12,12,22.2,13.9,28.7,28.1,53.1,15.6,3.1,18.2,30.7,16.8,65.6
2024,678,Tomateros de Culiacan,674810,Victor Castaneda,1,0.8,3.6,164,0.231,0.296,0.408,0.704,5.4,3.15,1.35,7.43,1.71,0,0,2,0,0,2,5,0,5,2,3,22,0,0,0,272,63,125,27,64.0,14.53,3.543,8.5,14.6,0.037,0.583,0.184,42,16,4,30,8,0,13,12,CUL,370,95,158,95,SP,6,24,14,581,0.224,1,0,33,147,16,16,12.0,10.8,23.2,40.0,33.6,13.6,12.8,6.1,27.2,16.4,57.9
2024,678,Tomateros de Culiacan,678713,Efrain Contreras,1,,2.57,61,0.375,0.328,0.333,0.661,13.5,3.86,0.64,8.36,3.5,6,2,6,0,1,0,0,2,2,0,1,5,0,0,0,127,45,33,8,64.0,18.07,4.148,9.8,34.4,0.016,0.286,0.093,9,1,0,10,2,0,8,3,CUL,163,33,81,36,RP,1,21,6,253,0.241,1,0,13,54,4,4,9.1,17.8,35.4,33.3,39.4,24.2,3.0,24.6,32.0,14.2,54.1
2024,678,Tomateros de Culiacan,683124,Fernando Olguin,1,0.5,2.4,56,0.086,0.2,0.224,0.424,7.2,1.8,1.2,3.00,4.0,7,1,1,0,0,0,0,4,0,0,1,7,2,0,0,112,31,38,5,63.0,15.6,4.179,5.4,21.4,0.036,0.25,0.122,8,8,1,16,1,0,3,1,CUL,148,32,66,35,RP,2,12,3,234,0.102,3,0,5,49,4,3,22.2,13.2,27.7,23.7,44.7,10.5,21.1,16.0,28.2,15.0,57.1
2024,678,Tomateros de Culiacan,698962,Ricardo Estrada,1,,9.64,47,0.4,0.478,0.361,0.839,5.79,6.75,0.0,11.57,0.86,10,5,9,4,2,1,0,0,1,0,3,16,0,0,0,72,15,31,3,54.0,18.64,3.702,14.9,12.8,0.0,1.167,0.028,6,0,1,12,0,0,6,6,CUL,94,21,36,21,RP,0,6,7,174,0.333,3,0,12,36,10,7,0.0,8.6,20.8,19.4,58.1,22.6,0.0,-2.1,20.7,12.1,44.7
2024,678,Tomateros de Culiacan,806317,Axel Sauceda,1,,3.0,25,0.316,0.292,0.318,0.61,6.0,1.5,0.0,9.00,4.0,5,2,0,0,1,0,0,5,1,0,0,7,0,0,0,59,10,20,4,67.0,17.0,4.08,4.0,16.0,0.0,0.25,0.045,8,3,0,3,1,0,4,1,CUL,68,15,19,9,RP,0,4,1,102,0.273,0,1,6,22,2,2,0.0,9.8,16.9,45.0,20.0,20.0,15.0,12.0,18.6,8.8,60.0
2024,678,Tomateros de Culiacan,827653,Luis Aguayo,1,,1.93,19,0.3,0.316,0.25,0.566,11.57,5.79,0.0,5.79,2.0,3,0,0,0,0,0,0,2,1,0,1,2,0,0,0,37,15,10,1,58.0,16.29,4.0,15.8,31.6,0.0,0.5,0.063,1,1,2,3,1,0,0,2,CUL,44,10,22,7,RP,0,6,3,76,0.188,0,0,3,16,1,1,0.0,19.7,40.5,20.0,50.0,20.0,10.0,15.8,28.9,9.2,52.6
2024,678,Tomateros de Culiacan,828443,Diego Castro,1,,27.0,3,0.5,0.667,0.5,1.167,0.0,27.0,0.0,27.00,0.0,0,0,2,1,0,0,0,0,0,0,0,1,0,0,0,4,1,2,0,54.0,39.0,4.333,33.3,0.0,0.0,,0.0,0,0,0,1,0,0,1,0,CUL,7,2,4,3,RP,0,0,1,13,0.5,0,0,1,2,1,1,,7.7,25.0,0.0,50.0,50.0,0.0,-33.3,30.8,23.1,66.7
2024,679,Venados de Mazatlan,465038,Alejandro Soto,1,,0.0,40,0.185,0.25,0.143,0.393,7.2,2.7,0.0,4.50,2.67,6,0,2,0,1,0,0,2,0,0,0,5,0,0,0,76,17,27,6,66.0,15.2,3.8,7.5,20.0,0.0,0.375,0.0,10,4,2,6,2,0,1,2,MAZ,100,27,39,22,RP,0,8,3,152,0.143,2,0,5,35,0,0,0.0,11.2,22.4,44.4,29.6,11.1,14.8,12.5,25.7,14.5,67.5
2024,679,Venados de Mazatlan,487019,Manuel Flores,1,,9.0,8,0.5,0.625,0.25,0.875,18.0,36.0,0.0,9.00,0.5,0,0,2,1,1,0,0,0,0,0,0,1,0,0,0,12,2,2,0,47.0,45.0,5.625,50.0,25.0,0.0,2.0,0.0,0,0,0,1,0,0,1,0,MAZ,21,1,11,9,SP,0,2,4,45,0.25,0,0,1,4,1,1,,4.4,16.7,0.0,50.0,50.0,0.0,-25.0,24.4,20.0,12.5
2024,679,Venados de Mazatlan,510554,Andres Ivan Meza,1,0.5,5.4,40,0.207,0.308,0.528,0.836,3.6,0.9,2.7,8.10,4.0,11,3,0,0,0,2,0,5,1,0,0,2,1,0,0,65,6,33,9,60.0,14.9,3.725,2.5,10.0,0.075,0.25,0.278,4,5,4,11,3,0,0,6,MAZ,89,19,30,24,RP,3,4,1,149,0.25,2,0,9,36,6,4,42.9,4.0,9.2,21.2,51.5,12.1,15.2,7.5,20.1,16.1,47.5
2024,679,Venados de Mazatlan,540988,Demetrio Gutierrez,1,,1.42,51,0.156,0.255,0.163,0.418,7.82,4.26,0.0,3.55,1.83,8,1,4,1,2,0,0,2,2,0,0,5,0,0,0,90,26,32,7,63.0,14.61,3.627,11.8,21.6,0.0,0.545,0.047,10,6,2,9,2,0,1,2,MAZ,117,33,53,27,RP,0,11,6,185,0.116,2,0,5,43,2,2,0.0,14.1,28.9,37.5,34.4,9.4,18.8,9.8,28.6,14.6,64.7
2024,679,Venados de Mazatlan,542279,Javier Solano,1,0.5,4.4,177,0.243,0.282,0.329,0.611,5.02,2.72,0.84,7.74,1.85,0,0,7,4,1,1,4,0,5,0,2,32,1,0,0,351,64,140,26,66.0,15.88,3.859,7.3,13.6,0.023,0.542,0.104,39,21,7,36,7,0,18,12,MAZ,453,110,167,103,SP,4,24,13,683,0.226,0,0,37,164,21,20,8.7,9.4,18.2,32.9,34.3,17.9,15.0,6.3,24.5,15.1,62.1
2024,679,Venados de Mazatlan,554230,Amilcar Gaxiola,1,,5.79,20,0.294,0.35,0.353,0.703,1.93,0.0,0.0,9.64,,1,0,0,0,0,1,0,0,1,0,0,4,0,0,0,38,7,17,1,62.0,19.07,4.45,0.0,5.0,0.0,,0.059,1,3,2,6,2,0,2,1,MAZ,55,11,24,17,RP,0,1,0,89,0.294,2,1,5,17,3,3,0.0,7.9,18.4,17.6,41.2,23.5,17.6,5.0,27.0,19.1,55.0
2024,679,Venados de Mazatlan,571328,Jovany Lopez,1,,81.0,5,1.0,0.8,1.25,2.05,27.0,27.0,0.0,81.00,1.0,0,0,2,1,0,0,0,0,2,0,0,0,1,0,0,12,3,3,0,56.0,75.0,5.0,20.0,20.0,0.0,1.0,0.5,0,0,0,0,1,0,2,0,MAZ,14,3,5,2,RP,0,1,1,25,0.75,0,0,3,4,3,3,0.0,12.0,25.0,33.3,0.0,66.7,0.0,0.0,20.0,8.0,60.0
2024,679,Venados de Mazatlan,585132,Raul Carrillo,1,0.333,3.18,119,0.333,0.339,0.37,0.709,6.35,2.86,0.32,9.53,2.22,0,0,2,1,1,0,0,0,5,1,6,25,1,0,0,204,36,89,11,61.0,16.13,3.84,7.6,16.8,0.008,0.45,0.093,17,9,7,26,4,0,12,14,MAZ,281,75,111,75,SP,1,20,9,457,0.278,1,0,30,108,10,10,4.8,7.9,17.6,23.6,44.9,21.3,10.1,9.2,24.3,16.4,63.0
2024,679,Venados de Mazatlan,650813,Luis Escobar,1,0.4,4.58,152,0.265,0.333,0.4,0.733,3.57,3.57,1.02,8.92,1.0,0,0,3,0,5,3,1,0,5,1,4,21,2,0,0,245,42,123,20,61.0,15.79,3.671,9.2,9.2,0.026,1.0,0.141,30,11,5,42,10,0,7,18,MAZ,342,88,134,92,SP,4,14,14,558,0.259,1,0,35,135,18,13,10.0,7.5,17.1,32.5,48.8,9.8,8.9,0.0,24.0,16.5,57.9
2024,679,Venados de Mazatlan,663884,Nolan Kingham,1,0.25,3.38,194,0.271,0.285,0.287,0.572,6.75,2.44,0.19,7.31,2.77,0,0,8,4,5,3,4,0,8,0,3,21,1,0,0,340,77,142,18,65.0,14.67,3.629,6.7,18.6,0.005,0.361,0.063,25,6,6,66,8,0,14,17,MAZ,458,115,193,116,SP,1,36,13,704,0.224,3,3,39,174,18,13,3.0,10.9,22.6,23.2,58.5,14.1,4.2,11.9,27.4,16.5,59.3
2024,679,Venados de Mazatlan,666208,Alex Speas,1,0.0,5.4,27,0.2,0.296,0.304,0.6,9.45,2.7,1.35,5.40,3.5,3,2,0,0,1,0,0,6,0,0,1,4,2,0,0,42,14,16,0,59.0,15.15,3.741,7.4,25.9,0.037,0.286,0.13,6,1,1,4,2,0,1,1,MAZ,60,15,32,18,RP,1,7,2,101,0.174,2,0,4,23,4,4,12.5,13.9,33.3,50.0,31.2,12.5,6.2,18.5,31.7,17.8,55.6
2024,679,Venados de Mazatlan,666669,Elkin Alcala,1,,0.0,4,0.25,0.25,0.25,0.5,0.0,0.0,0.0,9.00,,0,0,0,0,0,0,0,0,0,0,0,0,0,0,0,9,1,4,0,67.0,18.0,4.5,0.0,0.0,0.0,,0.0,1,1,0,1,0,1,0,0,MAZ,12,3,4,3,RP,0,0,0,18,0.25,0,0,1,4,0,0,0.0,5.6,11.1,25.0,25.0,0.0,50.0,0.0,22.2,16.7,75.0
2024,679,Venados de Mazatlan,667918,Erick Casillas,1,,5.94,80,0.327,0.377,0.306,0.683,8.1,5.4,0.0,8.64,1.5,9,4,13,3,3,1,0,1,3,0,1,17,0,0,0,127,30,52,3,62.0,17.94,3.737,12.5,18.8,0.0,0.667,0.048,11,4,3,18,4,0,5,7,MAZ,185,43,86,56,RP,0,15,10,299,0.258,3,2,16,62,11,8,0.0,10.0,23.6,28.8,48.1,15.4,7.7,6.3,28.8,18.7,53.8
2024,679,Venados de Mazatlan,672666,Adolfo Ramirez,1,1.0,0.96,35,0.217,0.257,0.2,0.457,7.71,3.86,0.0,4.82,2.0,3,0,1,0,1,1,0,2,1,0,0,4,2,0,0,60,14,23,0,62.0,14.25,3.8,11.4,22.9,0.0,0.5,0.033,1,4,0,13,1,0,1,3,MAZ,84,19,37,23,"SP, RP",0,8,4,133,0.167,0,1,5,30,1,1,0.0,10.5,23.3,8.7,69.6,4.3,17.4,11.5,27.8,17.3,54.3
2024,679,Venados de Mazatlan,675188,Hector Villalobos,1,0.5,4.2,63,0.325,0.387,0.472,0.859,6.6,5.4,1.2,9.00,1.22,15,10,6,2,1,0,0,0,2,1,5,11,2,0,0,97,19,43,7,54.0,16.2,3.857,14.3,17.5,0.032,0.818,0.189,5,8,3,12,2,0,6,7,MAZ,132,33,52,33,RP,2,11,9,243,0.283,0,0,15,53,7,7,28.6,7.8,19.6,16.3,44.2,20.9,18.6,3.2,21.4,13.6,52.4
2024,679,Venados de Mazatlan,676019,Oscar Rojas,1,,0.0,11,0.375,0.364,0.3,0.664,7.71,3.86,0.0,11.57,2.0,1,1,0,0,0,0,0,0,0,0,0,1,0,0,0,24,3,8,2,70.0,21.43,4.545,9.1,18.2,0.0,0.5,0.0,1,2,1,1,1,0,2,0,MAZ,50,11,20,15,RP,0,2,1,50,0.3,0,0,3,10,0,0,0.0,6.0,12.5,25.0,12.5,37.5,25.0,9.1,40.0,30.0,100.0
2024,679,Venados de Mazatlan,679013,Sammy Tavarez,1,,11.25,22,0.313,0.409,0.333,0.742,4.5,6.75,0.0,11.25,0.67,2,0,2,0,1,0,0,1,1,0,0,5,0,0,0,37,6,16,2,57.0,21.0,3.818,13.6,9.1,0.0,1.5,0.056,5,1,0,5,2,0,1,2,MAZ,48,11,17,11,RP,0,2,3,84,0.278,1,0,5,18,5,2,0.0,7.1,16.2,43.8,43.8,6.2,6.2,-4.5,20.2,13.1,50.0
2024,679,Venados de Mazatlan,683114,Fernando Burgueno,1,,4.15,22,0.444,0.409,0.476,0.885,6.23,2.08,0.0,16.62,3.0,2,0,0,0,0,0,0,2,2,0,0,4,1,0,0,33,5,18,1,65.0,15.23,3.0,4.5,13.6,0.0,0.333,0.095,3,3,0,4,3,0,3,2,MAZ,43,14,15,10,RP,0,3,1,66,0.381,0,0,8,21,2,2,0.0,7.6,15.2,33.3,33.3,16.7,16.7,9.1,22.7,15.2,63.6
2024,679,Venados de Mazatlan,690909,Daniel Cruz,1,,15.0,16,0.364,0.5,0.929,1.429,3.0,6.0,6.0,18.00,0.5,8,1,0,0,0,0,0,1,1,0,0,6,0,0,0,30,5,13,2,63.0,19.67,3.688,12.5,6.3,0.125,2.0,0.5,3,1,1,2,2,0,3,1,MAZ,171,40,75,41,RP,2,1,2,59,0.429,0,0,6,14,5,4,40.0,8.5,16.7,38.5,23.1,30.8,7.7,-6.2,127.1,69.5,250.0
2024,679,Venados de Mazatlan,691376,Irving Medina,1,,0.0,7,0.0,0.143,0.0,0.143,9.0,4.5,0.0,0.00,2.0,0,0,0,0,0,0,0,2,0,0,0,0,0,0,0,15,6,4,0,57.0,14.0,4.0,14.3,28.6,0.0,0.5,0.0,1,1,0,2,0,0,0,0,MAZ,16,3,7,1,RP,0,2,1,28,0.0,0,0,0,6,0,0,0.0,21.4,40.0,25.0,50.0,0.0,25.0,14.3,25.0,3.6,42.9
2024,679,Venados de Mazatlan,692643,Ernesto Borges,1,,12.27,22,0.385,0.5,0.588,1.088,7.36,12.27,2.45,14.73,0.6,0,0,3,0,0,1,0,2,1,0,0,3,0,0,0,28,5,14,0,45.0,22.91,3.818,22.7,13.6,0.045,1.667,0.235,1,2,0,5,1,0,3,2,MAZ,38,10,15,10,RP,1,3,5,84,0.353,0,0,6,17,5,3,50.0,6.0,17.9,14.3,50.0,21.4,14.3,-9.1,17.9,11.9,45.5
2024,679,Venados de Mazatlan,694756,J.P. Woodward,1,0.5,4.66,86,0.345,0.388,0.31,0.698,7.45,5.59,0.0,8.84,1.33,10,4,14,3,3,0,0,2,1,1,7,18,2,0,0,132,29,56,9,63.0,15.78,3.547,14.0,18.6,0.0,0.75,0.042,6,4,2,25,3,0,2,14,MAZ,192,45,87,58,RP,0,16,12,305,0.268,2,0,19,71,10,8,0.0,9.5,22.0,16.1,69.6,7.1,7.1,4.6,28.5,19.0,52.3
2024,679,Venados de Mazatlan,700071,Alexandro Tovalin,1,0.0,8.71,53,0.333,0.434,0.35,0.784,8.71,8.71,0.87,9.58,1.0,5,2,4,4,3,0,0,9,0,0,1,7,1,0,0,93,26,31,1,56.0,21.77,4.245,18.9,18.9,0.019,1.0,0.075,4,0,2,14,3,0,1,7,MAZ,125,26,58,32,RP,1,10,10,225,0.275,2,1,11,40,10,10,14.3,11.6,28.0,22.6,67.7,9.7,0.0,0.0,25.8,14.2,49.1
2024,679,Venados de Mazatlan,701063,Pablo Tellez,1,0.5,4.6,131,0.348,0.336,0.393,0.729,7.76,2.3,0.57,9.48,3.38,0,0,5,3,5,3,1,0,7,0,3,20,0,0,0,240,53,94,23,67.0,15.77,3.771,6.1,20.6,0.015,0.296,0.111,18,10,4,29,4,0,17,12,MAZ,331,85,142,89,SP,2,27,8,494,0.282,2,1,33,117,16,13,9.1,10.7,22.1,23.4,43.6,22.3,10.6,14.5,28.7,18.0,64.9
2024,679,Venados de Mazatlan,802559,Victor Morales,1,1.0,7.88,38,0.286,0.342,0.313,0.655,11.25,6.75,1.13,7.88,1.67,4,2,5,3,1,0,0,0,0,0,1,7,0,0,0,83,26,22,4,62.0,19.5,4.105,15.8,26.3,0.026,0.6,0.094,6,1,0,8,2,0,4,1,MAZ,96,22,39,13,RP,1,10,6,156,0.219,0,0,7,32,7,5,12.5,16.7,31.3,36.4,40.9,18.2,4.5,10.5,25.0,8.3,57.9
2024,680,Yaquis de Obregon,445995,Arturo Lopez,1,0.333,3.77,121,0.284,0.319,0.333,0.652,4.08,2.83,0.31,8.79,1.44,0,0,2,1,1,0,0,0,5,0,2,21,2,0,0,211,33,98,16,62.0,15.52,3.678,7.4,10.7,0.008,0.692,0.074,32,4,10,24,5,0,12,11,OBR,275,69,93,60,SP,1,13,9,445,0.259,1,1,28,108,12,11,2.7,7.4,15.6,37.8,35.7,22.4,4.1,3.3,20.9,13.5,57.0
2024,680,Yaquis de Obregon,455359,Orlando Lara,1,1.0,2.08,65,0.302,0.246,0.302,0.548,9.87,0.52,0.52,7.27,19.0,0,0,0,0,6,1,0,0,2,0,1,3,0,0,0,108,25,44,5,67.0,14.19,3.785,1.5,29.2,0.015,0.053,0.079,7,8,3,12,4,0,4,6,OBR,166,43,82,57,SP,1,19,1,246,0.222,1,0,14,63,4,3,9.1,10.2,23.1,25.0,40.9,15.9,18.2,27.7,33.3,23.2,66.2
2024,680,Yaquis de Obregon,542413,Felipe Gonzalez,1,0.4,4.12,92,0.358,0.371,0.297,0.668,10.07,5.95,0.0,8.69,1.69,1,0,6,3,0,0,0,3,1,1,1,15,1,0,0,153,43,56,15,58.0,18.51,3.957,14.1,23.9,0.0,0.591,0.041,7,6,4,20,4,0,7,8,OBR,212,48,102,59,RP,0,22,13,364,0.257,1,1,19,74,9,7,0.0,11.8,28.1,19.6,50.0,19.6,10.7,9.8,28.0,16.2,52.2
2024,680,Yaquis de Obregon,570666,Luis Cessa,1,0.6,2.45,141,0.231,0.248,0.313,0.561,6.38,2.21,0.49,6.38,2.89,0,0,4,0,1,2,2,0,5,2,1,19,0,0,0,223,48,106,17,66.0,12.85,3.34,6.4,18.4,0.014,0.346,0.115,24,11,8,37,7,1,11,7,OBR,310,91,130,82,SP,2,26,9,471,0.198,0,1,26,131,10,9,6.5,10.2,21.5,29.2,41.5,17.9,11.3,12.0,27.6,17.4,64.5
2024,680,Yaquis de Obregon,592889,Ernesto Zaragoza,1,0.0,9.0,23,0.538,0.478,0.6,1.078,13.5,6.75,2.25,18.00,2.0,7,6,1,0,3,1,0,2,1,0,0,8,3,0,0,44,12,14,2,61.0,21.75,3.783,13.0,26.1,0.043,0.5,0.2,2,1,1,2,3,0,3,2,OBR,61,14,24,12,RP,1,6,3,87,0.4,0,0,8,20,4,3,20.0,13.8,27.3,35.7,28.6,28.6,7.1,13.1,27.6,13.8,60.9
2024,680,Yaquis de Obregon,593372,Carlos Martinez,1,0.5,5.59,44,0.452,0.386,0.463,0.849,9.31,2.79,0.0,13.03,3.33,0,0,1,0,1,1,1,0,5,0,0,5,0,1,0,72,12,31,13,68.0,16.03,3.523,6.8,22.7,0.0,0.3,0.122,3,4,1,9,6,0,6,2,OBR,106,34,46,34,SP,0,10,3,155,0.341,0,0,14,41,6,6,0.0,7.7,16.7,29.0,35.5,22.6,12.9,15.9,29.7,21.9,77.3
2024,680,Yaquis de Obregon,597113,DJ Johnson,1,,9.0,10,0.0,0.4,0.571,0.971,4.5,13.5,4.5,4.50,0.33,0,0,0,0,2,0,0,0,0,0,0,2,0,0,0,11,1,6,0,44.0,22.5,4.5,30.0,10.0,0.1,3.0,0.429,2,0,1,2,1,0,0,0,OBR,79,15,35,27,RP,1,1,3,45,0.143,0,0,1,7,2,2,33.3,2.2,9.1,50.0,33.3,16.7,0.0,-20.0,77.8,60.0,150.0
2024,680,Yaquis de Obregon,605218,Carl Edwards Jr.,1,,1.17,90,0.182,0.213,0.232,0.445,6.26,2.35,0.39,5.09,2.67,0,0,0,0,0,0,3,0,3,0,0,12,0,0,0,152,36,68,4,67.0,13.65,3.489,6.7,17.8,0.011,0.375,0.073,14,13,5,23,1,0,8,4,OBR,209,57,93,57,SP,1,16,6,314,0.159,0,1,13,82,3,1,6.7,11.5,23.7,22.1,39.7,19.1,19.1,11.1,29.6,18.2,63.3
2024,680,Yaquis de Obregon,616623,Edwin Fierro,1,0.8,0.96,67,0.246,0.242,0.254,0.496,3.38,0.48,0.0,6.75,7.0,3,0,0,0,0,0,0,2,0,1,5,13,0,0,0,129,20,58,13,68.0,12.43,3.463,1.5,10.4,0.0,0.143,0.032,11,4,4,25,3,0,8,3,OBR,158,45,48,28,RP,0,7,1,232,0.222,1,1,14,63,2,2,0.0,8.6,15.5,24.1,48.3,20.7,6.9,8.9,20.7,12.1,67.2
2024,680,Yaquis de Obregon,622661,Dallas Martinez,1,,0.0,8,0.571,0.5,0.5,1.0,6.75,0.0,0.0,27.00,,0,0,2,0,0,0,0,1,0,0,0,3,0,0,0,17,1,7,0,59.0,25.5,4.25,0.0,12.5,0.0,,0.0,1,0,0,2,0,0,3,1,OBR,38,12,10,6,RP,0,1,0,34,0.5,0,0,4,8,0,0,0.0,2.9,5.9,14.3,42.9,42.9,0.0,12.5,29.4,17.6,150.0
2024,680,Yaquis de Obregon,628333,Odrisamer Despaigne,1,0.4,3.86,195,0.326,0.351,0.349,0.7,6.29,3.45,0.2,9.54,1.82,0,0,5,2,1,2,5,0,10,0,3,28,4,0,1,361,81,143,15,61.0,18.36,4.174,8.7,15.9,0.005,0.548,0.076,25,11,10,50,13,0,15,19,OBR,494,116,211,130,SP,1,31,17,814,0.273,4,1,47,172,19,18,2.6,10.0,22.4,26.6,48.3,17.5,7.7,7.2,25.9,16.0,59.5
2024,680,Yaquis de Obregon,650980,Samuel Zazueta,1,1.0,1.93,77,0.281,0.293,0.304,0.597,5.79,1.93,0.48,8.20,3.0,4,1,0,0,2,1,0,10,1,0,1,12,0,0,1,127,26,60,3,60.0,15.05,3.649,5.2,15.6,0.013,0.333,0.058,11,12,3,17,1,0,6,10,OBR,168,43,65,39,RP,1,12,4,281,0.246,1,1,17,69,4,1,8.3,9.3,20.5,20.0,45.0,15.0,20.0,10.4,23.1,13.9,55.8
2024,680,Yaquis de Obregon,657116,Zach Willeman,1,0.0,6.35,77,0.333,0.378,0.387,0.765,7.41,6.35,0.0,8.47,1.17,4,2,5,4,5,0,0,8,6,1,4,13,1,0,0,133,39,51,3,59.0,18.06,3.987,15.6,18.2,0.0,0.857,0.129,7,6,2,20,4,0,7,5,OBR,181,40,82,43,RP,0,14,12,307,0.258,0,0,16,62,12,11,0.0,12.7,29.3,21.6,49.0,17.6,11.8,2.6,26.7,14.0,51.9
2024,680,Yaquis de Obregon,660850,Juan Robles,1,1.0,1.35,51,0.303,0.294,0.261,0.555,8.78,2.7,0.0,6.75,3.25,8,3,3,0,4,1,0,3,0,1,2,7,1,0,0,113,30,33,2,64.0,16.5,4.314,7.8,25.5,0.0,0.308,0.043,11,1,1,10,2,0,4,4,OBR,140,29,57,27,RP,0,13,4,220,0.217,1,0,10,46,2,2,0.0,13.6,26.5,39.4,42.4,15.2,3.0,17.7,25.9,12.3,56.9
2024,680,Yaquis de Obregon,663603,Solomon Bates,1,0.0,14.29,30,0.316,0.433,0.478,0.911,6.35,7.94,1.59,11.12,0.8,0,0,5,3,0,1,0,0,1,0,0,6,0,0,0,56,12,20,4,59.0,21.71,4.1,16.7,13.3,0.033,1.25,0.174,4,3,2,4,2,0,2,3,OBR,72,16,27,15,SP,1,4,5,123,0.304,1,1,7,23,9,7,16.7,9.8,21.4,30.0,35.0,20.0,15.0,-3.4,22.0,12.2,53.3
2024,680,Yaquis de Obregon,666510,Ulises Lopez,1,,1.8,36,0.13,0.194,0.333,0.527,8.1,1.8,1.8,4.50,4.5,6,1,1,0,1,0,0,4,0,0,1,2,0,0,0,60,15,25,3,61.0,13.0,3.611,5.6,25.0,0.056,0.222,0.182,3,0,4,13,1,0,2,2,OBR,79,18,34,19,RP,2,9,2,130,0.152,0,1,5,33,2,2,50.0,11.5,25.0,16.0,60.0,24.0,0.0,19.4,26.2,14.6,50.0
2024,680,Yaquis de Obregon,675880,Daniel De La Fuente,1,1.0,0.47,68,0.146,0.221,0.167,0.388,8.53,3.79,0.47,3.32,2.25,7,4,0,0,3,3,0,1,0,0,1,6,1,0,1,111,38,42,3,58.0,13.89,3.882,11.8,26.5,0.015,0.444,0.05,10,8,1,16,2,0,2,3,OBR,152,39,77,39,RP,1,18,8,264,0.117,0,0,7,60,1,1,8.3,14.4,34.2,28.6,45.2,7.1,19.0,14.7,29.2,14.8,57.4
2024,680,Yaquis de Obregon,678410,Saul Vazquez,1,1.0,1.04,68,0.17,0.265,0.155,0.42,5.71,4.15,0.0,4.15,1.38,0,0,3,0,0,0,0,1,1,0,3,9,1,0,0,109,20,47,7,63.0,14.31,3.647,11.8,16.2,0.0,0.727,0.017,12,7,2,18,1,0,6,1,OBR,155,41,66,46,"SP, RP",0,11,8,248,0.138,2,0,8,58,2,2,0.0,8.1,18.3,27.7,40.4,17.0,14.9,4.4,26.6,18.5,60.3
2024,680,Yaquis de Obregon,685719,Fernando Sanchez,1,,0.0,36,0.192,0.194,0.176,0.37,7.2,0.0,0.0,4.50,,0,0,0,0,0,0,0,0,1,0,1,4,0,0,0,77,16,26,2,71.0,13.6,3.778,0.0,22.2,0.0,,0.029,6,3,2,10,0,0,0,5,OBR,96,20,35,19,"SP, RP",0,8,0,136,0.147,2,0,5,34,0,0,0.0,11.8,20.8,23.1,57.7,7.7,11.5,22.2,25.7,14.0,55.6
2024,680,Yaquis de Obregon,693730,Ruben Salinas,8,,10.38,18,0.4,0.467,0.5,0.967,4.15,2.08,0.0,8.31,2.0,2,0,4,4,0,1,0,2,2,0,1,2,0,0,0,22,4,13,8,55.0,12.23,2.944,5.6,11.1,0.0,0.5,0.167,0,0,0,9,0,0,2,2,OBR,29,8,10,6,RP,0,2,1,53,0.333,2,0,4,12,5,4,,7.5,18.2,0.0,84.6,15.4,0.0,5.5,18.9,11.3,44.4
2024,680,Yaquis de Obregon,807848,Yuhi Sako,1,,4.5,9,0.333,0.333,0.333,0.666,0.0,0.0,0.0,13.50,,0,0,0,0,0,0,0,0,0,0,0,3,0,0,0,10,1,9,1,72.0,12.5,2.778,0.0,0.0,0.0,,0.0,2,1,2,1,0,0,2,1,OBR,18,8,9,8,RP,0,0,0,25,0.333,0,0,3,9,1,1,0.0,4.0,10.0,22.2,22.2,44.4,11.1,0.0,36.0,32.0,88.9
2024,5482,Algodoneros de Guasave,572943,Jeff Ibarra,1,,1.35,28,0.294,0.321,0.292,0.613,9.45,4.05,0.0,6.75,2.33,12,2,6,1,0,0,0,0,2,0,1,4,0,0,0,39,11,17,2,58.0,15.45,3.679,10.7,25.0,0.0,0.429,0.083,6,1,1,4,2,0,1,2,GSV,60,16,29,18,RP,0,7,3,103,0.208,1,0,5,24,1,1,0.0,10.7,28.2,47.1,35.3,11.8,5.9,14.3,28.2,17.5,57.1
2024,5482,Algodoneros de Guasave,622739,Ariel Gracia,1,0.0,6.75,63,0.426,0.429,0.527,0.956,6.08,4.73,0.0,13.50,1.29,0,0,6,3,0,1,0,0,7,1,0,11,0,0,0,108,24,47,11,60.0,19.13,4.048,11.1,14.3,0.0,0.778,0.164,6,6,3,12,2,0,11,7,GSV,152,34,67,43,SP,0,9,7,255,0.364,0,1,20,55,10,10,0.0,9.4,22.2,17.0,40.4,29.8,12.8,3.2,26.3,16.9,54.0
2024,5482,Algodoneros de Guasave,622742,Rafael Cordova,1,0.667,4.05,51,0.214,0.24,0.348,0.588,10.8,1.35,1.35,5.40,8.0,9,0,3,2,0,0,0,4,2,0,0,5,1,0,1,102,30,31,8,71.0,14.63,3.824,3.9,31.4,0.039,0.125,0.174,6,6,2,9,1,0,5,2,GSV,139,33,65,35,RP,2,16,2,195,0.174,2,0,8,46,6,6,28.6,15.4,29.4,22.6,35.5,22.6,19.4,27.5,33.3,17.9,64.7
2024,5482,Algodoneros de Guasave,642856,Fabian Anguamea,1,,2.04,71,0.256,0.268,0.21,0.478,10.19,3.57,0.0,5.60,2.86,5,1,5,0,3,0,0,5,2,0,0,7,2,1,1,134,42,43,6,62.0,17.09,4.254,9.9,28.2,0.0,0.35,0.032,9,1,1,21,2,0,2,7,GSV,189,45,93,51,"SP, RP",0,20,7,302,0.177,1,1,11,62,4,4,0.0,13.9,31.3,25.6,65.1,7.0,2.3,18.3,30.8,16.9,63.4
2024,5482,Algodoneros de Guasave,656839,Jorge Perez,1,0.333,3.53,151,0.306,0.329,0.343,0.672,4.04,2.27,0.25,9.59,1.78,0,0,4,1,2,2,4,0,5,0,1,33,0,0,1,262,52,124,12,65.0,15.2,3.589,6.0,10.6,0.007,0.563,0.06,28,8,14,36,7,0,15,16,GSV,353,100,140,88,SP,1,16,9,542,0.284,2,4,38,134,14,14,2.9,9.6,19.8,28.2,41.9,23.4,6.5,4.6,25.8,16.2,66.2
2024,5482,Algodoneros de Guasave,663793,Dakota Chalmers,1,0.25,4.5,143,0.3,0.364,0.385,0.749,9.84,6.19,1.13,7.88,1.59,0,0,12,1,5,3,1,0,5,0,5,19,3,0,0,194,55,84,10,57.0,16.63,3.72,15.4,24.5,0.028,0.629,0.145,14,10,4,28,6,0,9,13,GSV,304,73,165,110,SP,4,35,22,532,0.239,2,2,28,117,16,12,20.0,10.3,28.4,23.8,48.8,15.5,11.9,9.1,31.0,20.7,51.0
2024,5482,Algodoneros de Guasave,664039,Geno Encina,1,0.0,10.13,27,0.409,0.519,0.545,1.064,0.0,8.44,0.0,15.19,0.0,0,0,1,0,0,1,0,1,1,1,2,9,0,0,1,44,1,22,0,55.0,21.38,4.222,18.5,0.0,0.0,,0.136,2,2,1,8,0,0,5,4,GSV,63,16,19,18,"SP, RP",0,0,5,114,0.409,0,0,9,22,6,6,0.0,0.9,2.3,9.1,54.5,27.3,9.1,-18.5,16.7,15.8,59.3
2024,5482,Algodoneros de Guasave,667050,Grant Gavin,1,0.5,4.54,136,0.278,0.293,0.35,0.643,7.75,2.94,0.53,7.22,2.64,0,0,5,2,2,0,2,0,7,1,4,14,1,0,1,251,55,95,15,61.0,16.19,4.007,8.1,21.3,0.015,0.379,0.125,16,10,7,35,5,0,10,12,GSV,332,71,133,78,SP,2,29,11,545,0.225,1,1,27,120,17,15,9.5,10.1,21.9,22.1,49.5,17.9,10.5,13.2,24.4,14.3,52.2
2024,5482,Algodoneros de Guasave,675546,Jesus Huerta,1,0.0,8.44,54,0.333,0.407,0.63,1.037,6.75,5.91,2.53,12.66,1.14,3,0,5,3,2,0,0,1,5,0,1,7,1,0,0,94,16,39,7,61.0,20.25,4.0,13.0,14.8,0.056,0.875,0.304,6,8,1,9,2,0,8,5,GSV,131,34,52,36,"SP, RP",3,8,7,216,0.326,0,1,15,46,10,9,37.5,7.4,17.0,20.5,35.9,23.1,20.5,1.8,24.1,16.7,63.0
2024,5482,Algodoneros de Guasave,676019,Oscar Rojas,1,,27.0,6,0.667,0.667,0.667,1.334,13.5,27.0,0.0,27.00,0.5,0,0,2,0,0,0,0,0,0,0,0,2,0,0,0,10,2,3,0,52.0,43.5,4.833,33.3,16.7,0.0,2.0,0.0,1,0,0,0,0,0,1,1,GSV,50,11,20,15,RP,0,1,2,29,0.667,0,1,2,3,2,2,0.0,6.9,20.0,33.3,33.3,33.3,0.0,-16.6,69.0,51.7,183.3
2024,5482,Algodoneros de Guasave,676190,Carlos Morales,1,1.0,3.77,62,0.194,0.328,0.412,0.74,7.53,6.28,1.88,6.28,1.2,6,1,7,0,0,0,0,1,2,0,1,5,0,0,0,122,31,40,4,58.0,19.81,4.581,16.1,19.4,0.048,0.833,0.216,9,4,1,16,2,0,4,4,GSV,166,33,75,44,RP,3,12,10,284,0.196,0,0,10,51,6,6,27.3,10.9,25.4,27.5,50.0,12.5,10.0,3.3,26.4,15.5,53.2
2024,5482,Algodoneros de Guasave,682608,Peyton Gray,1,1.0,0.82,43,0.32,0.279,0.231,0.51,11.45,3.27,0.0,6.55,3.5,0,0,1,0,1,0,0,3,1,0,2,5,1,0,0,103,34,25,10,67.0,17.82,4.558,9.3,32.6,0.0,0.286,0.026,4,1,3,9,0,0,6,2,GSV,130,25,61,27,RP,0,14,4,196,0.205,0,0,8,39,1,1,0.0,17.3,33.0,16.0,44.0,36.0,4.0,23.3,31.1,13.8,58.1
2024,5482,Algodoneros de Guasave,684118,Victor Buelna,1,1.0,3.24,68,0.26,0.265,0.344,0.609,7.02,1.08,1.08,8.10,6.5,10,6,3,1,0,0,0,0,1,0,2,9,2,0,0,123,37,52,15,65.0,15.06,3.691,2.9,19.1,0.029,0.154,0.109,9,9,6,13,1,0,6,8,GSV,163,44,76,39,RP,2,13,2,251,0.234,1,1,15,64,6,5,20.0,14.7,30.1,19.2,40.4,23.1,17.3,16.2,30.3,15.5,64.7
2024,5482,Algodoneros de Guasave,687455,Juan Cossio,1,0.5,2.87,70,0.222,0.343,0.315,0.658,5.17,6.89,0.57,6.32,0.75,8,2,4,1,1,0,0,2,3,0,0,9,0,0,0,107,25,49,7,67.0,13.91,3.114,17.1,12.9,0.014,1.333,0.111,11,6,5,16,1,0,6,4,GSV,146,43,62,37,RP,1,9,12,218,0.204,0,1,11,54,5,5,8.3,11.5,23.4,24.5,40.8,22.4,12.2,-4.2,28.4,17.0,61.4
2024,5482,Algodoneros de Guasave,691678,Vidal Sotelo,1,0.5,4.81,105,0.304,0.398,0.417,0.815,5.18,5.55,0.74,8.51,0.93,0,0,5,5,1,3,0,0,4,1,5,16,1,0,1,156,18,73,9,58.0,17.05,3.952,14.3,13.3,0.019,1.071,0.143,17,6,6,21,2,1,14,6,GSV,238,55,97,79,SP,2,14,15,415,0.274,3,1,23,84,13,12,10.5,4.3,11.5,26.0,37.0,27.4,9.6,-1.0,23.4,19.0,52.4
2024,5482,Algodoneros de Guasave,691714,Kevin Ribon,1,,27.0,17,0.538,0.529,0.5,1.029,7.71,3.86,0.0,27.00,2.0,2,0,2,1,0,0,0,1,0,0,0,6,2,0,0,32,5,13,0,60.0,30.86,4.235,5.9,11.8,0.0,0.5,0.0,0,0,1,5,1,0,4,2,GSV,43,10,16,11,RP,0,2,1,72,0.5,1,1,7,14,7,3,0.0,6.9,15.6,7.7,53.8,38.5,0.0,5.9,22.2,15.3,58.8
2024,5482,Algodoneros de Guasave,695871,Jesus Broca,1,1.0,5.23,45,0.31,0.378,0.306,0.684,6.97,6.1,0.0,7.84,1.14,9,3,1,0,0,0,0,0,0,1,1,9,0,0,0,82,26,29,12,57.0,18.48,4.244,15.6,17.8,0.0,0.875,0.056,5,4,3,8,0,0,6,3,GSV,109,20,53,27,RP,0,8,7,191,0.25,1,1,9,36,6,4,0.0,13.6,31.7,17.2,37.9,31.0,13.8,2.2,27.7,14.1,44.4
2024,5482,Algodoneros de Guasave,701195,Manuel Castro,1,1.0,1.93,20,0.308,0.35,0.444,0.794,7.71,3.86,1.93,9.64,2.0,4,0,2,0,0,1,0,1,0,0,0,2,0,0,0,44,10,14,2,63.0,19.5,4.55,10.0,20.0,0.05,0.5,0.167,4,1,1,3,0,0,3,2,GSV,57,12,23,13,RP,1,4,2,91,0.278,0,0,5,18,1,1,25.0,11.0,22.7,28.6,35.7,28.6,7.1,10.0,25.3,14.3,60.0
2024,5482,Algodoneros de Guasave,703655,Dan Kubiuk,1,1.0,1.69,63,0.256,0.254,0.305,0.559,10.13,1.69,1.13,6.75,6.0,4,0,1,0,1,0,0,14,0,0,1,8,0,0,0,129,40,41,4,67.0,15.88,4.032,4.8,28.6,0.032,0.167,0.102,8,2,6,13,2,0,6,4,GSV,170,31,81,41,RP,2,18,3,254,0.203,1,0,12,59,3,3,20.0,15.7,31.0,24.4,41.5,29.3,4.9,23.8,31.9,16.1,49.2
2024,5482,Algodoneros de Guasave,703721,Ivan Izaguirre,1,0.0,6.23,59,0.297,0.375,0.571,0.946,6.23,4.15,2.08,9.69,1.5,15,7,8,1,1,0,0,2,5,0,2,11,0,0,0,99,15,43,7,61.0,17.77,3.915,10.2,15.3,0.051,0.667,0.286,8,3,1,17,5,0,5,4,GSV,140,35,54,39,RP,3,9,6,231,0.286,1,0,14,49,9,9,23.1,6.5,15.2,30.2,48.8,14.0,7.0,5.1,23.4,16.9,59.3
2024,5482,Algodoneros de Guasave,703865,Christian Crespo,1,,1.8,20,0.182,0.45,0.429,0.879,3.6,10.8,1.8,5.40,0.33,4,0,1,0,0,2,0,0,0,0,2,3,0,0,0,36,4,12,0,51.0,18.8,4.7,30.0,10.0,0.05,3.0,0.214,2,1,2,4,1,0,1,1,GSV,48,12,16,12,RP,1,2,6,94,0.214,0,0,3,14,1,1,33.3,4.3,11.1,25.0,41.7,25.0,8.3,-20.0,17.0,12.8,60.0
2024,5482,Algodoneros de Guasave,800099,Edwin Cervantes,1,,0.0,28,0.167,0.286,0.174,0.46,7.11,2.84,0.0,4.26,2.5,4,1,2,0,0,0,0,3,1,0,0,2,0,0,0,37,9,18,3,56.0,15.47,3.5,7.1,17.9,0.0,0.4,0.043,3,2,0,10,0,0,1,2,GSV,56,13,28,19,RP,0,5,2,98,0.13,3,0,3,23,0,0,0.0,9.2,24.3,16.7,66.7,5.6,11.1,10.8,28.6,19.4,46.4
2024,5482,Algodoneros de Guasave,826183,Ian Medina,1,,5.4,7,0.0,0.286,0.0,0.286,10.8,10.8,0.0,0.00,1.0,6,0,1,1,1,0,0,0,0,0,0,1,1,0,0,8,3,3,0,45.0,17.4,4.143,28.6,28.6,0.0,1.0,0.0,1,1,0,1,0,0,0,0,GSV,13,2,8,5,RP,0,2,2,29,0.0,0,0,0,5,1,1,0.0,10.3,37.5,33.3,33.3,0.0,33.3,0.0,27.6,17.2,28.6
2024,5482,Algodoneros de Guasave,829359,Taiga Kamichatani,1,1.0,0.54,63,0.293,0.27,0.288,0.558,9.18,2.16,0.54,7.02,4.25,0,0,4,0,3,1,1,0,1,0,2,8,1,0,0,106,33,42,4,63.0,14.58,3.857,6.3,27.0,0.016,0.235,0.068,8,1,1,19,4,0,8,1,GSV,152,36,79,46,SP,1,17,4,243,0.22,0,0,13,59,1,1,8.3,13.6,31.1,28.6,47.6,21.4,2.4,20.7,32.5,18.9,57.1
2024,5483,Sultanes de Monterrey,532893,Ivan Salas,1,,2.45,34,0.381,0.452,0.5,0.952,4.91,6.14,0.0,9.82,0.8,19,5,8,1,1,1,0,0,4,0,1,6,0,0,0,42,8,24,2,57.0,16.09,3.471,14.7,11.8,0.0,1.25,0.167,4,0,2,10,4,0,2,2,MTY,67,18,29,21,RP,0,4,5,118,0.333,1,1,8,24,2,2,0.0,6.8,19.0,33.3,50.0,16.7,0.0,-2.9,24.6,17.8,52.9
2024,5483,Sultanes de Monterrey,553868,Norman Elenes,1,0.0,8.82,82,0.327,0.443,0.435,0.878,4.96,8.27,0.55,9.92,0.6,7,0,11,6,3,2,0,1,4,1,1,12,0,0,0,119,29,56,3,56.0,16.96,3.378,18.3,11.0,0.012,1.667,0.145,7,3,2,26,6,0,6,6,MTY,156,43,65,36,RP,1,9,15,277,0.29,2,0,18,62,16,12,7.7,10.5,24.4,23.2,57.1,14.3,5.4,-7.3,23.5,13.0,52.4
2024,5483,Sultanes de Monterrey,592889,Ernesto Zaragoza,1,,0.0,3,0.0,0.333,0.0,0.333,0.0,13.5,0.0,0.00,0.0,1,0,0,0,1,0,0,0,0,0,0,1,0,0,0,4,0,2,0,50.0,24.0,5.333,33.3,0.0,0.0,,0.0,0,0,0,2,0,0,0,0,MTY,61,14,24,12,RP,0,0,1,16,0.0,0,0,0,2,0,0,,0.0,0.0,0.0,100.0,0.0,0.0,-33.3,150.0,75.0,466.7
2024,5483,Sultanes de Monterrey,622661,Dallas Martinez,1,0.0,4.5,9,0.333,0.444,0.429,0.873,4.5,9.0,0.0,9.00,0.5,0,0,1,1,0,1,0,0,1,0,0,0,0,0,0,15,3,6,0,56.0,16.0,3.556,22.2,11.1,0.0,2.0,0.143,1,1,1,1,0,0,1,1,MTY,38,12,10,6,RP,0,1,2,32,0.286,0,0,2,7,1,1,0.0,9.4,20.0,16.7,33.3,33.3,16.7,-11.1,31.2,18.8,133.3
2024,5483,Sultanes de Monterrey,642590,Francisco Rios,1,0.5,3.0,40,0.231,0.385,0.233,0.618,4.0,9.0,0.0,6.00,0.44,8,3,6,3,3,1,0,1,1,0,1,5,0,0,0,51,7,27,3,50.0,16.22,3.65,22.5,10.0,0.0,2.25,0.033,5,2,1,13,0,0,2,4,MTY,73,16,29,22,RP,0,4,9,146,0.2,0,0,6,30,3,3,0.0,4.8,13.7,18.5,63.0,11.1,7.4,-12.5,19.9,15.1,40.0
2024,5483,Sultanes de Monterrey,650204,Norge Ruiz,1,0.0,8.44,28,0.5,0.519,0.4,0.919,8.44,8.44,0.0,13.50,1.0,0,0,3,2,1,0,0,2,0,0,1,9,0,0,0,56,9,17,1,61.0,22.88,4.357,17.9,17.9,0.0,1.0,0.0,3,1,0,5,0,0,3,5,MTY,75,17,27,18,"SP, RP",0,5,5,122,0.4,1,1,8,20,5,5,0.0,7.4,16.1,17.6,58.8,17.6,5.9,0.0,22.1,14.8,60.7
2024,5483,Sultanes de Monterrey,660610,Carlos De Leon,2,,10.8,7,0.333,0.429,1.0,1.429,0.0,0.0,5.4,16.20,,3,0,0,0,0,0,0,1,1,0,0,2,0,0,0,10,2,7,0,76.0,12.6,3.0,0.0,0.0,0.143,,0.571,0,0,3,1,1,0,1,1,MTY,16,4,8,6,C,1,0,0,21,0.429,0,0,3,7,2,2,100.0,9.5,20.0,14.3,28.6,57.1,0.0,0.0,38.1,28.6,57.1
2024,5483,Sultanes de Monterrey,660995,Nathanael Santiago,1,,4.76,34,0.5,0.515,0.577,1.092,11.12,11.12,1.59,15.88,1.0,5,4,4,2,0,0,0,1,2,0,1,6,1,0,0,55,16,20,2,55.0,22.94,3.824,20.6,20.6,0.029,1.0,0.192,1,3,0,6,1,0,5,4,MTY,71,14,32,16,RP,1,7,7,130,0.385,0,0,10,26,3,2,50.0,12.3,29.1,10.0,50.0,25.0,15.0,0.0,24.6,12.3,41.2
2024,5483,Sultanes de Monterrey,661149,Cristian Castillo,1,,4.91,16,0.231,0.375,0.308,0.683,0.0,7.36,0.0,7.36,0.0,0,0,2,2,0,1,0,0,1,0,0,3,0,0,0,29,2,13,0,58.0,18.27,4.188,18.8,0.0,0.0,,0.077,1,0,3,6,1,0,1,1,MTY,39,7,12,10,"SP, RP",0,0,3,67,0.231,0,0,3,13,2,2,0.0,3.0,6.9,15.4,53.8,30.8,0.0,-18.8,17.9,14.9,43.8
2024,5483,Sultanes de Monterrey,664475,Edgar Torres,1,0.0,4.12,166,0.294,0.317,0.376,0.693,5.26,2.97,0.23,8.69,1.77,0,0,2,1,5,5,2,0,11,2,1,25,0,0,2,267,46,128,12,63.0,14.52,3.44,7.8,13.9,0.006,0.565,0.121,36,4,8,42,8,0,17,13,MTY,362,108,137,91,SP,1,23,13,571,0.255,1,1,38,149,18,14,2.3,8.1,17.2,34.4,43.0,19.5,3.1,6.1,24.0,15.9,65.1
2024,5483,Sultanes de Monterrey,666015,Francisco Villegas,1,,3.0,12,0.4,0.333,0.455,0.788,6.0,0.0,0.0,12.00,,11,4,2,1,0,0,0,1,1,0,1,5,1,0,0,24,5,10,5,63.0,16.33,4.083,0.0,16.7,0.0,,0.091,1,1,1,3,0,0,4,0,MTY,31,7,12,7,RP,0,2,0,49,0.364,0,1,4,11,1,1,0.0,10.2,20.8,10.0,30.0,50.0,10.0,16.7,24.5,14.3,58.3
2024,5483,Sultanes de Monterrey,666627,Faustino Carrera,1,0.25,4.43,177,0.295,0.322,0.373,0.695,7.17,2.74,1.05,8.65,2.62,0,0,7,3,1,4,2,0,4,0,3,28,2,0,1,338,82,127,11,64.0,16.08,3.876,7.3,19.2,0.028,0.382,0.118,28,19,13,26,6,0,19,16,MTY,437,99,179,97,SP,5,34,13,686,0.255,3,0,41,161,21,19,14.7,12.0,24.3,26.8,33.1,25.2,15.0,11.9,26.1,14.1,55.9
2024,5483,Sultanes de Monterrey,667712,Austin Hansen,1,0.5,5.06,26,0.235,0.346,0.2,0.546,6.75,5.06,0.0,6.75,1.33,3,0,1,1,2,0,0,2,0,0,1,5,0,0,0,40,14,17,1,58.0,18.56,3.808,11.5,15.4,0.0,0.75,0.0,4,2,1,6,0,0,1,3,MTY,57,13,31,17,RP,0,4,3,99,0.2,2,1,4,20,3,1,0.0,14.1,35.0,23.5,52.9,11.8,11.8,3.9,31.3,17.2,50.0
2024,5483,Sultanes de Monterrey,669105,Zach Muckenhirn,1,0.8,2.56,156,0.239,0.269,0.236,0.505,7.22,3.49,0.23,6.28,2.07,0,0,1,0,12,2,4,0,1,1,1,26,1,0,1,276,73,110,16,64.0,15.05,3.731,9.6,19.9,0.006,0.484,0.043,24,12,5,42,4,0,10,13,MTY,375,104,171,98,SP,1,31,15,582,0.193,0,1,27,140,11,9,3.6,12.5,26.4,25.5,50.0,13.6,10.9,10.3,29.4,16.8,66.7
2024,5483,Sultanes de Monterrey,676084,Noah Bremer,1,0.667,4.58,75,0.351,0.351,0.313,0.664,5.6,2.55,0.0,10.19,2.2,0,0,3,0,2,1,1,0,1,0,4,15,1,0,2,121,25,58,4,65.0,15.23,3.587,6.7,14.7,0.0,0.455,0.015,11,4,2,21,0,0,13,7,MTY,174,60,77,52,SP,0,11,5,269,0.299,1,1,20,67,9,8,0.0,9.3,20.7,19.0,48.3,25.9,6.9,8.0,28.6,19.3,80.0
2024,5483,Sultanes de Monterrey,676666,Matt Turner,1,0.75,3.57,71,0.31,0.275,0.286,0.561,10.7,2.55,0.51,7.13,4.2,9,3,0,0,0,2,0,9,1,0,0,7,2,0,0,142,44,45,11,65.0,16.36,4.07,7.0,29.6,0.014,0.238,0.063,6,3,2,20,2,0,4,8,MTY,187,39,85,41,RP,1,21,5,289,0.222,0,1,14,63,7,3,12.5,15.2,31.0,17.8,62.2,13.3,6.7,22.6,29.4,14.2,54.9
2024,5483,Sultanes de Monterrey,678712,Mario Garcia,1,0.0,2.66,78,0.263,0.231,0.276,0.507,7.97,0.44,0.44,7.08,18.0,8,1,2,2,3,0,0,1,2,0,1,12,0,0,0,144,36,58,12,62.0,14.66,3.821,1.3,23.1,0.013,0.056,0.066,12,7,2,21,2,0,11,3,MTY,186,54,78,42,"SP, RP",1,18,1,298,0.211,1,0,16,76,6,6,7.1,12.1,25.0,24.1,41.4,22.4,12.1,21.8,26.2,14.1,69.2
2024,5483,Sultanes de Monterrey,679338,Bryan Warzek,1,,3.38,14,0.429,0.429,0.273,0.702,13.5,10.13,0.0,10.13,1.33,0,0,2,0,1,0,0,2,0,0,0,1,0,0,0,21,8,7,0,63.0,19.5,3.714,21.4,28.6,0.0,0.75,0.0,1,0,0,3,0,0,2,1,MTY,33,9,20,12,RP,0,4,3,52,0.273,0,0,3,11,1,1,0.0,15.4,38.1,14.3,57.1,28.6,0.0,7.2,38.5,23.1,64.3
2024,5483,Sultanes de Monterrey,682961,Mario Perez,1,,6.1,59,0.35,0.458,0.465,0.923,5.23,7.84,0.0,12.19,0.67,6,3,15,0,1,0,0,3,2,2,1,14,4,0,0,82,16,40,4,55.0,21.58,3.78,15.3,10.2,0.0,1.5,0.14,7,2,3,14,3,0,7,4,MTY,122,37,55,39,RP,0,6,9,223,0.326,4,3,14,43,7,6,0.0,7.2,19.5,25.0,45.0,25.0,5.0,-5.1,24.7,17.5,62.7
2024,5483,Sultanes de Monterrey,686734,Arturo Roque,1,0.0,7.71,47,0.286,0.404,0.634,1.038,2.89,5.79,2.89,12.54,0.5,4,2,5,1,5,0,0,0,4,0,0,9,0,0,0,100,19,38,1,58.0,23.14,4.596,12.8,6.4,0.064,2.0,0.317,8,7,1,9,4,0,7,2,MTY,126,24,44,25,"SP, RP",3,3,6,216,0.317,0,0,13,41,8,8,25.0,8.8,19.0,31.6,28.9,21.1,18.4,-6.4,20.4,11.6,51.1
2024,5483,Sultanes de Monterrey,691388,Jonas Garibay,1,,9.0,5,0.5,0.4,0.6,1.0,9.0,0.0,0.0,18.00,,0,0,0,0,0,0,0,0,1,0,0,1,0,0,0,6,2,4,0,64.0,11.0,2.2,0.0,20.0,0.0,,0.2,1,0,0,1,0,0,1,1,MTY,99,29,45,24,RP,0,1,0,11,0.4,0,0,2,5,1,1,0.0,18.2,33.3,25.0,50.0,25.0,0.0,20.0,409.1,218.2,580.0
2024,5483,Sultanes de Monterrey,691959,Nestor Anguamea,1,0.0,12.19,54,0.371,0.481,0.667,1.148,4.35,7.84,1.74,13.06,0.56,13,5,9,4,0,1,0,3,7,0,2,12,0,0,0,77,17,39,1,53.0,19.74,3.778,16.7,9.3,0.037,1.8,0.31,3,4,5,12,2,1,9,3,MTY,108,29,47,30,RP,2,5,9,204,0.357,1,0,15,42,14,8,40.0,8.3,22.1,12.8,38.5,35.9,12.8,-7.4,23.0,14.7,53.7
2024,5483,Sultanes de Monterrey,692401,Juan Salas,1,0.0,4.44,117,0.394,0.368,0.406,0.774,11.62,5.13,0.68,9.57,2.27,0,0,5,0,2,1,0,0,7,0,3,15,2,0,0,249,75,68,11,64.0,18.95,4.265,12.8,29.1,0.017,0.441,0.129,16,6,2,16,4,0,16,8,MTY,320,77,146,71,SP,2,34,15,499,0.277,0,1,28,101,13,13,10.0,15.0,30.1,29.4,35.3,26.5,8.8,16.3,29.3,14.2,65.8
2024,5483,Sultanes de Monterrey,700063,Alexis Vera,1,0.0,4.05,63,0.311,0.393,0.42,0.813,4.05,5.4,0.67,10.13,0.75,8,4,3,0,0,0,0,6,1,1,2,15,0,0,0,97,15,48,3,56.0,15.98,3.381,12.7,9.5,0.016,1.333,0.12,8,3,1,21,4,0,7,4,MTY,120,29,37,22,RP,1,6,8,213,0.3,1,2,15,50,6,5,8.3,7.0,15.5,25.0,52.1,16.7,6.2,-3.2,17.4,10.3,46.0
2024,5483,Sultanes de Monterrey,701013,Ricardo Chapa,1,,4.5,36,0.333,0.389,0.29,0.679,4.5,3.38,0.0,10.13,1.33,3,1,6,2,2,1,0,0,0,0,1,7,0,1,0,54,14,27,3,57.0,15.75,3.5,8.3,11.1,0.0,0.75,0.0,5,1,0,12,1,0,4,4,MTY,72,12,32,18,RP,0,4,3,126,0.29,2,0,9,31,4,4,0.0,11.1,25.9,22.2,59.3,14.8,3.7,2.8,25.4,14.3,33.3
2024,5483,Sultanes de Monterrey,802392,Carlos Medina,X,,20.25,16,0.5,0.438,0.5,0.938,13.5,6.75,0.0,16.88,2.0,0,0,4,3,0,0,0,1,2,0,0,1,1,0,0,36,7,10,0,66.0,25.5,4.25,12.5,25.0,0.0,0.5,0.143,0,1,1,3,0,0,4,1,MTY,45,10,16,9,X,0,4,2,68,0.357,0,0,5,14,6,3,,10.3,19.4,0.0,40.0,50.0,10.0,12.5,23.5,13.2,62.5
2024,5483,Sultanes de Monterrey,804933,Angel Garza,1,,0.0,3,0.0,0.0,0.0,0.0,0.0,0.0,0.0,0.00,,0,0,0,0,0,0,0,1,0,0,0,0,0,0,0,5,1,3,0,56.0,9.0,3.0,0.0,0.0,0.0,,0.0,1,0,0,2,0,0,0,0,MTY,5,1,1,0,RP,0,0,0,9,0.0,0,0,0,3,0,0,0.0,11.1,20.0,33.3,66.7,0.0,0.0,0.0,11.1,0.0,33.3
2024,5483,Sultanes de Monterrey,805678,Joe Riley,1,,3.86,28,0.2,0.269,0.238,0.507,9.0,5.14,0.0,3.86,1.75,0,0,0,0,0,0,0,3,2,0,0,4,0,0,0,58,15,17,4,65.0,17.43,4.357,14.3,25.0,0.0,0.571,0.095,5,4,1,4,1,0,2,0,MTY,79,14,34,19,RP,0,7,4,122,0.143,0,1,3,21,3,2,0.0,12.3,25.9,35.3,23.5,17.6,23.5,10.7,27.9,15.6,50.0
