season,team_id,team_name,player_id,Name,position_code,POS,G,GS,GO,airOuts,R,2B,3B,HR,K,BB,IBB,H,HBP,AVG,AB,OBP,SLG,OPS,CS,SB,SB%,GIDP,numP,ERA,IP,W,L,SV,SVOpp,HLD,BS,ER,WHIP,BF,Outs,GPitched,CG,SHO,Str,Str%,HBP,BK,WP,pickOffs,TB,GO/FO,W%,P/IP,GF,K/BB,K/9,BB/9,H/9,R/9,HR/9,inheritedRunners,inheritedRunnersScored,catchersInterference,sacBunts,SF,team,QS
2024,673,Aguilas de Mexicali,829409,Sergio Garcia-Repper,1,RP,1,0,0,5,0,0,0,0,1,1,0,0,0,0.0,6,0.143,0.0,0.143,0,0,,0,23,0.0,2.0,0,0,0,0,0,0,0,0.5,7,6,1,0,0,14,0.61,0,0,0,0,0,0.0,,11.5,1,1.0,4.5,4.5,0.0,0.0,0.0,0,0,0,0,0,MXC,0
2024,673,Aguilas de Mexicali,676362,Gabriel Ponce,1,"SP, RP",5,1,7,5,0,0,0,0,12,2,0,4,0,0.148,27,0.207,0.148,0.355,0,1,100.0,0,121,0.0,8.0,0,0,0,0,2,0,0,0.75,30,24,5,0,0,83,0.69,0,0,1,0,4,1.4,,15.13,1,6.0,13.5,2.25,4.5,0.0,0.0,3,0,0,1,0,MXC,0
2024,673,Aguilas de Mexicali,644425,Jake Sanchez,1,RP,18,0,15,18,3,1,1,0,19,6,0,13,0,0.203,64,0.271,0.25,0.521,0,4,100.0,1,304,1.56,17.1,0,1,12,13,0,1,3,1.1,71,52,18,0,0,193,0.63,0,0,0,0,16,0.83,0.0,17.54,16,3.17,9.87,3.12,6.75,1.56,0.0,1,1,0,1,0,MXC,0
2024,673,Aguilas de Mexicali,672911,Jesus Cruz,1,RP,16,0,4,18,3,0,1,0,25,8,1,8,1,0.148,54,0.266,0.185,0.451,1,1,50.0,0,301,1.69,16.0,3,0,0,1,9,1,3,1.0,64,48,16,0,0,195,0.65,1,0,2,0,10,0.22,1.0,18.81,2,3.13,14.06,4.5,4.5,1.69,0.0,1,0,0,0,1,MXC,0
2024,673,Aguilas de Mexicali,547862,David Reyes,1,SP,8,8,46,59,13,8,0,1,36,6,0,39,3,0.223,175,0.258,0.286,0.544,2,1,33.3,2,691,2.27,47.2,4,2,0,0,0,0,12,0.94,189,143,8,0,0,451,0.65,3,0,1,0,50,0.78,0.667,14.5,0,6.0,6.8,1.13,7.36,2.45,0.19,0,0,0,3,2,MXC,3
2024,673,Aguilas de Mexicali,681871,Eli Villalobos,1,RP,20,0,15,16,4,3,0,0,12,5,0,10,0,0.192,52,0.263,0.25,0.513,0,2,100.0,2,228,2.4,15.0,3,0,0,0,6,0,4,1.0,58,45,20,0,0,142,0.62,0,0,1,0,13,0.94,1.0,15.2,2,2.4,7.2,3.0,6.0,2.4,0.0,14,3,0,1,0,MXC,0
2024,673,Aguilas de Mexicali,667904,Jose Isidro Marquez,1,RP,16,0,16,7,5,1,0,0,17,8,0,13,2,0.255,51,0.377,0.275,0.652,1,1,50.0,1,258,2.57,14.0,0,1,0,0,3,0,4,1.5,63,42,16,0,0,151,0.59,2,0,2,0,14,2.29,0.0,18.43,2,2.13,10.93,5.14,8.36,3.21,0.0,5,2,0,2,0,MXC,0
2024,673,Aguilas de Mexicali,622747,Eduardo Vera,1,SP,7,7,39,30,13,5,1,3,40,8,0,23,1,0.18,128,0.232,0.305,0.537,1,0,0.0,2,566,3.16,37.0,1,3,0,0,0,0,13,0.84,141,111,7,0,0,370,0.65,1,0,1,0,39,1.3,0.25,15.3,0,5.0,9.73,1.95,5.59,3.16,0.73,0,0,0,3,1,MXC,2
2024,673,Aguilas de Mexicali,691928,Patricio Ress,1,RP,6,0,5,5,2,3,0,0,4,2,0,8,0,0.364,22,0.417,0.5,0.917,2,0,0.0,0,96,3.18,5.2,0,1,0,0,0,0,2,1.76,24,17,6,0,0,56,0.58,0,0,1,0,11,1.0,0.0,16.94,2,2.0,6.35,3.18,12.71,3.18,0.0,7,2,0,0,0,MXC,0
2024,673,Aguilas de Mexicali,690909,Daniel Cruz,1,RP,12,0,13,12,5,0,0,1,13,4,1,10,0,0.222,45,0.275,0.289,0.564,1,0,0.0,0,203,3.46,13.0,2,0,0,1,0,1,5,1.08,52,39,12,0,0,134,0.66,0,0,1,0,13,1.08,1.0,15.62,3,3.25,9.0,2.77,6.92,3.46,0.69,9,4,0,1,2,MXC,0
2024,673,Aguilas de Mexicali,805321,Trevor Kuncl,1,RP,13,0,9,10,6,1,0,1,16,5,0,7,0,0.171,41,0.255,0.268,0.523,0,1,100.0,0,219,3.75,12.0,0,0,0,0,9,0,5,1.0,47,36,13,0,0,139,0.63,0,0,0,0,11,0.9,,18.25,0,3.2,12.0,3.75,5.25,4.5,0.75,0,0,0,0,1,MXC,0
2024,673,Aguilas de Mexicali,683138,Fernando Lozano,1,SP,8,8,47,41,20,8,1,4,32,15,0,38,1,0.247,154,0.312,0.39,0.702,2,4,66.7,4,663,4.04,42.1,3,3,0,0,0,0,19,1.25,174,127,8,0,0,394,0.59,1,0,0,0,60,1.15,0.5,15.66,0,2.13,6.8,3.19,8.08,4.25,0.85,0,0,0,1,3,MXC,2
2024,673,Aguilas de Mexicali,661309,Adrián Martínez,1,SP,4,4,20,13,9,6,1,0,13,4,0,17,1,0.27,63,0.324,0.397,0.721,1,6,85.7,1,270,4.96,16.1,1,1,0,0,0,0,9,1.29,68,49,4,0,0,170,0.63,1,0,2,0,25,1.54,0.5,16.53,0,3.25,7.16,2.2,9.37,4.96,0.0,0,0,0,0,0,MXC,0
2024,673,Aguilas de Mexicali,677076,Clayton Andrews,1,RP,12,0,11,6,5,2,0,0,11,4,0,5,1,0.156,32,0.27,0.219,0.489,0,3,100.0,0,162,5.0,9.0,0,1,0,1,3,1,5,1.0,38,27,12,0,0,102,0.63,1,0,1,0,7,1.83,0.0,18.0,1,2.75,11.0,4.0,5.0,5.0,0.0,5,2,0,1,0,MXC,0
2024,673,Aguilas de Mexicali,810862,Angel Lopez,1,RP,16,0,14,6,7,4,0,1,12,7,0,14,2,0.304,46,0.418,0.457,0.875,0,2,100.0,0,237,5.06,10.2,0,1,0,0,4,0,6,1.97,55,32,16,0,0,137,0.58,2,1,2,0,21,2.33,0.0,22.22,1,1.71,10.13,5.91,11.81,5.91,0.84,14,5,0,0,0,MXC,0
2024,673,Aguilas de Mexicali,623985,Manuel Chavez,1,SP,7,7,23,22,17,5,0,4,24,11,0,27,1,0.29,93,0.368,0.473,0.841,0,5,100.0,3,442,5.92,24.1,0,1,0,0,0,0,16,1.56,108,73,7,0,0,262,0.59,1,0,0,0,44,1.05,0.0,18.16,0,2.18,8.88,4.07,9.99,6.29,1.48,0,0,0,2,1,MXC,0
2024,673,Aguilas de Mexicali,675132,Yamil Castillo,1,RP,9,0,12,11,9,2,0,1,5,4,0,12,2,0.3,40,0.391,0.425,0.816,0,2,100.0,0,148,7.71,9.1,1,0,0,0,0,0,8,1.71,46,28,9,0,0,91,0.61,2,0,2,0,17,1.09,1.0,15.86,3,1.25,4.82,3.86,11.57,8.68,0.96,9,6,0,0,0,MXC,0
2024,673,Aguilas de Mexicali,671760,Mario Jimenez,1,RP,6,0,6,4,4,0,0,0,2,4,1,4,0,0.267,15,0.4,0.267,0.667,0,1,100.0,0,78,8.1,3.1,0,0,0,0,0,0,3,2.4,20,10,6,0,0,41,0.53,0,0,2,0,4,1.5,,23.4,1,0.5,5.4,10.8,10.8,10.8,0.0,7,3,0,0,1,MXC,0
2024,673,Aguilas de Mexicali,692271,Jose Luis Reyes,1,"SP, RP",5,1,10,4,8,8,0,0,5,5,0,15,0,0.455,33,0.513,0.697,1.21,0,0,,1,150,10.29,7.0,0,0,0,0,0,0,8,2.86,39,21,5,0,0,77,0.51,0,0,0,1,23,2.5,,21.43,0,1.0,6.43,6.43,19.29,10.29,0.0,3,3,0,0,1,MXC,0
2024,673,Aguilas de Mexicali,699063,Pedro Santillan,1,RP,5,0,5,5,6,2,0,0,2,6,0,6,2,0.333,18,0.538,0.444,0.982,0,0,,2,92,11.57,4.2,0,1,0,0,0,0,6,2.57,26,14,5,0,0,50,0.54,2,0,0,0,8,1.0,0.0,19.71,1,0.33,3.86,11.57,11.57,11.57,0.0,0,0,0,0,0,MXC,0
2024,673,Aguilas de Mexicali,820906,Reynaldo Alvarez,1,"SP, RP",4,1,1,4,9,3,1,1,7,3,0,10,1,0.5,20,0.538,0.9,1.438,0,0,,0,110,16.62,4.1,0,3,0,1,0,1,8,3.0,26,13,4,0,0,69,0.63,1,0,1,0,18,0.25,0.0,25.38,1,2.33,14.54,6.23,20.77,18.69,2.08,2,2,0,0,2,MXC,0
2024,674,Charros de Jalisco,677915,Dario Gardea,1,RP,9,0,7,9,1,1,0,0,8,4,0,6,2,0.2,30,0.333,0.233,0.566,0,0,,2,140,0.0,8.1,0,0,0,0,0,0,0,1.2,36,25,9,0,0,82,0.59,2,0,1,0,7,0.78,,16.8,6,2.0,8.64,4.32,6.48,1.08,0.0,0,0,0,0,0,JAL,0
2024,674,Charros de Jalisco,624647,Victor González,1,RP,3,0,4,1,0,0,0,0,0,2,0,0,0,0.0,5,0.286,0.0,0.286,0,0,,1,28,0.0,2.0,0,0,0,0,1,0,0,1.0,7,6,3,0,0,13,0.46,0,0,0,0,0,4.0,,14.0,0,0.0,0.0,9.0,0.0,0.0,0.0,0,0,0,0,0,JAL,0
2024,674,Charros de Jalisco,616617,Adrian Gusman,1,RP,13,0,17,12,0,0,0,0,10,1,0,5,0,0.114,44,0.133,0.114,0.247,0,0,,0,186,0.0,13.1,1,0,0,0,4,0,0,0.45,45,40,13,0,0,124,0.67,0,0,0,0,5,1.42,1.0,13.95,0,10.0,6.75,0.68,3.38,0.0,0.0,8,1,0,0,0,JAL,0
2024,674,Charros de Jalisco,802581,Alejandro Morales,1,RP,3,0,0,4,1,0,0,0,4,1,0,5,0,0.385,13,0.429,0.385,0.814,1,1,50.0,0,58,0.0,3.0,0,0,0,0,0,0,0,2.0,14,9,3,0,0,34,0.59,0,0,0,0,5,0.0,,19.33,0,4.0,12.0,3.0,15.0,3.0,0.0,1,1,0,0,0,JAL,0
2024,674,Charros de Jalisco,641461,Trevor Clifton,1,RP,13,0,13,10,2,3,0,0,16,4,0,11,0,0.239,46,0.294,0.304,0.598,0,1,100.0,1,202,0.66,13.2,2,1,3,3,0,0,1,1.1,54,41,13,0,0,124,0.61,0,0,2,0,14,1.3,0.667,14.78,11,4.0,10.54,2.63,7.24,1.32,0.0,5,2,0,3,1,JAL,0
2024,674,Charros de Jalisco,570620,Ivan Zavala,1,RP,9,0,11,24,4,0,0,1,4,5,0,7,3,0.152,46,0.278,0.217,0.495,0,1,100.0,1,203,1.38,13.0,0,0,0,0,0,0,2,0.92,54,39,9,0,0,110,0.54,3,0,0,0,10,0.46,,15.62,3,0.8,2.77,3.46,4.85,2.77,0.69,6,2,0,0,0,JAL,0
2024,674,Charros de Jalisco,616405,Mario Meza,1,RP,18,0,16,16,6,2,0,1,20,5,0,13,0,0.206,63,0.261,0.286,0.547,0,4,100.0,2,243,1.53,17.2,1,2,1,2,5,1,3,1.02,70,53,18,0,0,161,0.66,0,0,1,0,18,1.0,0.333,13.75,2,4.0,10.19,2.55,6.62,3.06,0.51,7,1,0,1,1,JAL,0
2024,674,Charros de Jalisco,623441,Jared Wilson,1,RP,4,0,7,4,1,0,0,0,5,1,0,3,0,0.158,19,0.2,0.158,0.358,0,1,100.0,0,76,1.69,5.1,0,1,0,0,1,0,1,0.75,20,16,4,0,0,48,0.63,0,0,1,0,3,1.75,0.0,14.25,1,5.0,8.44,1.69,5.06,1.69,0.0,0,0,0,0,0,JAL,0
2024,674,Charros de Jalisco,642574,Ronald Medrano,1,SP,6,6,36,34,13,4,1,2,26,15,0,27,2,0.223,121,0.317,0.322,0.639,1,1,50.0,3,559,2.97,33.1,3,3,0,0,0,0,11,1.26,140,100,6,0,0,345,0.62,2,0,0,0,39,1.06,0.5,16.77,0,1.73,7.02,4.05,7.29,3.51,0.54,0,0,0,1,1,JAL,3
2024,674,Charros de Jalisco,645179,Luis Ivan Rodriguez,1,SP,8,8,56,27,16,8,1,5,38,8,0,38,4,0.245,155,0.298,0.406,0.704,2,3,60.0,5,700,3.38,42.2,1,2,0,0,0,0,16,1.08,171,128,8,0,0,448,0.64,4,0,3,1,63,2.07,0.333,16.41,0,4.75,8.02,1.69,8.02,3.38,1.05,0,0,0,3,1,JAL,2
2024,674,Charros de Jalisco,674478,Luis Payan,1,SP,7,7,38,36,18,7,1,3,28,9,0,38,3,0.275,138,0.333,0.406,0.739,0,5,100.0,3,553,3.71,34.0,3,2,0,0,0,0,14,1.38,152,102,7,0,0,354,0.64,3,0,2,0,56,1.06,0.6,16.26,0,3.11,7.41,2.38,10.06,4.76,0.79,0,0,0,2,0,JAL,2
2024,674,Charros de Jalisco,691839,Joe Jones,1,RP,7,0,6,6,4,2,0,1,3,5,0,6,1,0.3,20,0.462,0.55,1.012,0,0,,0,95,3.86,4.2,0,0,0,1,1,1,2,2.36,27,14,7,0,0,52,0.55,1,0,1,0,11,1.0,,20.36,0,0.6,5.79,9.64,11.57,7.71,1.93,1,1,0,1,0,JAL,0
2024,674,Charros de Jalisco,672598,Alemao Hernandez,1,SP,7,7,39,33,16,4,0,3,17,14,0,32,1,0.271,118,0.353,0.381,0.734,1,1,50.0,4,530,4.6,31.1,3,3,0,0,0,0,16,1.47,136,94,7,0,0,323,0.61,1,0,1,1,45,1.18,0.5,16.91,0,1.21,4.88,4.02,9.19,4.6,0.86,0,0,0,3,0,JAL,3
2024,674,Charros de Jalisco,620396,Miguel Aguilar,1,RP,15,0,18,4,8,4,0,1,13,4,0,11,0,0.25,44,0.306,0.409,0.715,0,0,,2,208,5.4,11.2,0,1,0,0,4,0,7,1.29,50,35,15,0,0,133,0.64,0,0,0,0,18,4.5,0.0,17.83,4,3.25,10.03,3.09,8.49,6.17,0.77,7,1,0,1,1,JAL,0
2024,674,Charros de Jalisco,511648,Antonio Garzon,1,RP,14,0,7,8,6,0,0,1,9,4,0,9,2,0.29,31,0.395,0.387,0.782,1,0,0.0,2,160,6.0,9.0,0,0,0,0,0,0,6,1.44,39,27,14,0,0,94,0.59,2,0,0,0,12,0.88,,17.78,3,2.25,9.0,4.0,9.0,6.0,1.0,16,3,0,1,1,JAL,0
2024,674,Charros de Jalisco,645799,Isaac Jimenez,1,RP,15,0,8,15,9,2,0,2,10,6,1,12,0,0.273,44,0.353,0.455,0.808,0,0,,1,218,6.35,11.1,1,1,0,2,3,2,8,1.59,51,34,15,0,0,127,0.58,0,0,4,0,20,0.53,0.5,19.24,2,1.67,7.94,4.76,9.53,7.15,1.59,6,1,0,0,1,JAL,0
2024,674,Charros de Jalisco,527054,Julio Teheran,1,SP,7,7,42,28,25,5,0,5,24,11,0,35,3,0.276,127,0.345,0.433,0.778,2,7,77.8,3,563,6.89,31.1,2,2,0,0,0,0,24,1.47,143,94,7,0,0,358,0.64,3,0,1,1,55,1.5,0.5,17.97,0,2.18,6.89,3.16,10.05,7.18,1.44,0,0,0,1,1,JAL,1
2024,674,Charros de Jalisco,605446,Dereck Rodríguez,1,"SP, RP",4,3,11,19,10,8,1,3,9,3,0,18,0,0.333,54,0.356,0.685,1.041,0,1,100.0,1,222,6.92,13.0,0,2,0,0,0,0,10,1.62,60,39,4,0,0,140,0.63,0,0,0,0,37,0.58,0.0,17.08,0,3.0,6.23,2.08,12.46,6.92,2.08,2,2,0,1,2,JAL,0
2024,674,Charros de Jalisco,668155,Alberto Leyva,1,RP,14,0,6,10,8,4,1,2,9,8,0,14,1,0.359,39,0.479,0.667,1.146,1,1,50.0,1,193,7.71,9.1,0,0,0,1,1,1,8,2.36,48,28,14,0,0,109,0.56,1,0,0,1,26,0.6,,20.68,3,1.13,8.68,7.71,13.5,7.71,1.93,12,4,0,0,0,JAL,0
2024,674,Charros de Jalisco,678296,Luis Angel Rodriguez,1,RP,2,0,2,1,2,1,0,0,3,2,0,4,0,0.4,10,0.5,0.5,1.0,0,0,,1,57,7.71,2.1,0,0,0,0,0,0,2,2.57,12,7,2,0,0,27,0.47,0,0,0,0,5,2.0,,24.43,0,1.5,11.57,7.71,15.43,7.71,0.0,1,0,0,0,0,JAL,0
2024,674,Charros de Jalisco,800079,Cristian Alvarado,1,RP,12,0,12,13,11,0,0,3,4,5,0,13,0,0.317,41,0.383,0.537,0.92,0,1,100.0,1,181,10.24,9.2,1,0,0,0,0,0,11,1.86,47,29,12,0,0,114,0.63,0,0,0,0,22,0.92,1.0,18.72,3,0.8,3.72,4.66,12.1,10.24,2.79,10,2,0,0,1,JAL,0
2024,674,Charros de Jalisco,680048,Aldo Ramirez,1,RP,2,0,2,2,2,0,0,0,1,4,0,3,0,0.429,7,0.583,0.429,1.012,0,0,,0,51,10.8,1.2,0,0,0,0,0,0,2,4.2,12,5,2,0,0,22,0.43,0,0,0,0,3,1.0,,30.6,0,0.25,5.4,21.6,16.2,10.8,0.0,3,3,0,0,1,JAL,0
2024,674,Charros de Jalisco,686317,Edgar Manzo,1,RP,4,0,3,7,5,2,0,1,2,6,2,6,1,0.353,17,0.52,0.647,1.167,0,1,100.0,0,85,11.25,4.0,0,0,0,0,0,0,5,3.0,25,12,4,0,0,50,0.59,1,0,1,0,11,0.43,,21.25,0,0.33,4.5,13.5,13.5,11.25,2.25,3,0,0,0,1,JAL,0
2024,675,Caneros de los Mochis,601978,Fabian Cota,1,RP,18,0,22,19,2,2,0,0,12,5,1,11,1,0.18,61,0.25,0.213,0.463,0,1,100.0,0,258,0.0,17.1,2,1,6,7,4,1,0,0.92,70,52,18,0,0,172,0.67,1,0,0,0,13,1.16,0.667,14.88,11,2.4,6.23,2.6,5.71,1.04,0.0,7,0,0,2,1,MOC,0
2024,675,Caneros de los Mochis,803197,Marco Fregozo,1,RP,2,0,1,2,0,0,0,0,1,0,0,1,0,0.2,5,0.2,0.2,0.4,0,0,,0,18,0.0,1.1,0,0,0,0,0,0,0,0.75,5,4,2,0,0,11,0.61,0,0,0,0,1,0.5,,13.5,1,,6.75,0.0,6.75,0.0,0.0,2,1,0,0,0,MOC,0
2024,675,Caneros de los Mochis,670328,Juan Gámez,1,RP,6,0,6,5,1,0,0,0,4,3,0,5,0,0.25,20,0.348,0.25,0.598,0,4,100.0,0,89,0.0,5.0,0,0,1,1,1,0,0,1.6,23,15,6,0,0,51,0.57,0,0,0,0,5,1.2,,17.8,3,1.33,7.2,5.4,9.0,1.8,0.0,1,0,0,0,0,MOC,0
2024,675,Caneros de los Mochis,682779,Jose Luna,1,RP,11,0,11,5,1,0,0,0,3,6,0,4,1,0.182,22,0.379,0.182,0.561,0,0,,1,102,0.0,6.2,1,0,0,0,2,0,0,1.5,30,20,11,0,0,54,0.53,1,0,1,0,4,2.2,1.0,15.3,1,0.5,4.05,8.1,5.4,1.35,0.0,18,4,0,1,0,MOC,0
2024,675,Caneros de los Mochis,477584,Tomas Solis,1,RP,15,0,10,10,0,1,0,0,2,2,0,3,0,0.13,23,0.185,0.174,0.359,0,1,100.0,4,101,0.0,8.2,2,0,0,0,2,0,0,0.58,27,26,15,0,0,58,0.57,0,0,1,0,4,1.0,1.0,11.65,0,1.0,2.08,2.08,3.12,0.0,0.0,30,8,0,0,2,MOC,0
2024,675,Caneros de los Mochis,703725,Luis Gastelum,1,RP,19,0,15,10,4,3,0,1,28,4,0,13,1,0.197,66,0.254,0.288,0.542,0,2,100.0,2,285,1.37,19.2,0,0,0,1,8,1,3,0.86,71,59,19,0,0,202,0.71,1,0,0,0,19,1.5,,14.49,2,7.0,12.81,1.83,5.95,1.83,0.46,6,0,0,0,0,MOC,0
2024,675,Caneros de los Mochis,665958,Darel Torres,1,SP,7,7,22,51,7,1,0,2,38,24,0,15,1,0.121,124,0.267,0.177,0.444,5,3,37.5,2,662,1.62,39.0,7,0,0,0,0,0,7,1.0,151,117,7,0,0,397,0.6,1,0,2,0,22,0.43,1.0,16.97,0,1.58,8.77,5.54,3.46,1.62,0.46,0,0,0,1,1,MOC,4
2024,675,Caneros de los Mochis,685829,Irving Machuca,1,RP,18,0,9,18,4,3,0,1,25,6,1,18,2,0.261,69,0.338,0.348,0.686,1,4,80.0,1,334,1.96,18.1,2,0,0,0,7,0,4,1.31,78,55,18,0,0,206,0.62,2,0,0,0,24,0.5,1.0,18.22,3,4.17,12.27,2.95,8.84,1.96,0.49,2,0,0,1,0,MOC,0
2024,675,Caneros de los Mochis,660826,Lupe Chavez,1,RP,12,0,21,22,8,3,1,0,21,5,0,16,1,0.208,77,0.259,0.273,0.532,1,4,80.0,3,320,2.08,21.2,0,0,0,1,0,1,5,0.97,86,65,12,0,0,210,0.66,1,0,1,0,21,0.95,,14.77,1,4.2,8.72,2.08,6.65,3.32,0.0,13,7,0,1,2,MOC,0
2024,675,Caneros de los Mochis,642532,Luis Miranda,1,SP,5,5,35,36,9,5,0,1,19,4,0,27,3,0.237,114,0.276,0.307,0.583,1,5,83.3,3,446,2.61,31.0,2,1,0,0,0,0,9,1.0,124,93,5,0,0,286,0.64,3,0,1,0,35,0.97,0.667,14.39,0,4.75,5.52,1.16,7.84,2.61,0.29,0,0,0,1,2,MOC,5
2024,675,Caneros de los Mochis,807586,Omar Araujo,1,SP,7,7,38,34,11,3,2,1,22,15,0,26,1,0.217,120,0.309,0.3,0.609,0,4,100.0,1,555,2.76,32.2,2,3,0,0,0,0,10,1.26,136,98,7,0,0,344,0.62,1,0,1,0,36,1.12,0.4,16.99,0,1.47,6.06,4.13,7.16,3.03,0.28,0,0,0,0,0,MOC,2
2024,675,Caneros de los Mochis,703590,Frank Moscatiello,1,RP,3,0,2,5,1,1,0,0,2,6,0,1,0,0.1,10,0.438,0.2,0.638,0,0,,0,69,3.0,3.0,0,0,0,0,0,0,1,2.33,16,9,3,0,0,27,0.39,0,0,0,0,2,0.4,,23.0,0,0.33,6.0,18.0,3.0,3.0,0.0,0,0,0,0,0,MOC,0
2024,675,Caneros de los Mochis,685692,Vicente Valenzuela,1,RP,7,0,8,11,5,1,0,1,7,6,2,7,1,0.233,30,0.359,0.367,0.726,0,0,,1,152,3.0,9.0,0,1,0,1,0,1,3,1.44,40,27,7,0,0,96,0.63,1,0,1,0,11,0.73,0.0,16.89,1,1.17,7.0,6.0,7.0,5.0,1.0,2,1,0,1,2,MOC,0
2024,675,Caneros de los Mochis,572177,Nick Struck,1,"SP, RP",8,5,24,25,11,3,0,1,17,10,0,24,0,0.273,88,0.347,0.341,0.688,1,2,66.7,3,426,3.42,23.2,1,1,1,1,1,0,9,1.44,100,71,8,0,0,260,0.61,0,0,0,1,30,0.96,0.5,18.0,1,1.7,6.46,3.8,9.13,4.18,0.38,0,0,0,2,0,MOC,1
2024,675,Caneros de los Mochis,671790,Ronald Bolaños,1,SP,8,8,41,29,17,3,0,2,35,24,0,27,3,0.213,127,0.344,0.283,0.627,1,5,83.3,4,641,3.89,37.0,3,2,0,0,0,0,16,1.38,159,111,8,0,0,359,0.56,3,0,5,0,36,1.41,0.6,17.32,0,1.46,8.51,5.84,6.57,4.14,0.49,0,0,0,2,3,MOC,2
2024,675,Caneros de los Mochis,703722,Miguel Vazquez,1,RP,18,0,21,15,12,4,1,0,10,9,1,15,1,0.254,59,0.362,0.356,0.718,1,3,75.0,1,240,5.17,15.2,0,1,0,1,2,1,9,1.53,71,47,18,0,0,145,0.6,1,0,2,0,21,1.4,0.0,15.32,3,1.11,5.74,5.17,8.62,6.89,0.0,12,6,0,2,0,MOC,0
2024,675,Caneros de los Mochis,676520,Manuel Alvarez,1,RP,8,0,5,5,4,0,0,0,8,9,0,8,0,0.308,26,0.486,0.308,0.794,0,0,,1,140,5.68,6.1,0,0,1,1,0,0,4,2.68,35,19,8,0,0,74,0.53,0,0,3,0,8,1.0,,22.11,1,0.89,11.37,12.79,11.37,5.68,0.0,0,0,0,0,0,MOC,0
2024,675,Caneros de los Mochis,681753,Adrian Hernandez,1,RP,9,0,13,6,5,0,0,0,3,3,1,8,1,0.276,29,0.364,0.276,0.64,0,0,,0,113,6.14,7.1,0,0,0,1,1,1,5,1.5,34,22,9,0,0,66,0.58,1,0,0,0,8,2.17,,15.41,0,1.0,3.68,3.68,9.82,6.14,0.0,3,2,0,1,0,MOC,0
2024,675,Caneros de los Mochis,542278,Fredy Quintero,1,"SP, RP",4,2,13,9,7,2,0,2,2,2,0,9,0,0.273,33,0.314,0.515,0.829,1,0,0.0,0,124,6.48,8.1,0,1,0,0,0,0,6,1.32,35,25,4,0,0,75,0.6,0,0,0,0,17,1.44,0.0,14.88,1,1.0,2.16,2.16,9.72,7.56,2.16,1,1,0,0,0,MOC,0
2024,675,Caneros de los Mochis,806625,Victor Garcia,1,RP,2,0,1,1,1,1,0,0,2,1,0,3,0,0.429,7,0.5,0.571,1.071,0,0,,0,29,6.75,1.1,0,0,0,0,0,0,1,3.0,8,4,2,0,0,19,0.66,0,0,0,0,4,1.0,,21.75,0,2.0,13.5,6.75,20.25,6.75,0.0,0,0,0,0,0,MOC,0
2024,675,Caneros de los Mochis,667378,Dauris Valdez,1,RP,4,0,1,6,3,0,1,0,3,4,0,4,0,0.286,14,0.444,0.429,0.873,0,0,,0,71,8.1,3.1,0,0,0,0,0,0,3,2.4,18,10,4,0,0,39,0.55,0,0,0,0,6,0.17,,21.3,1,0.75,8.1,10.8,10.8,8.1,0.0,2,0,0,0,0,MOC,0
2024,675,Caneros de los Mochis,597113,DJ Johnson,1,RP,7,0,10,1,6,1,0,0,3,2,0,7,2,0.35,20,0.458,0.4,0.858,0,0,,2,103,8.44,5.1,0,0,3,4,1,1,5,1.69,25,16,7,0,0,59,0.57,2,0,1,0,8,10.0,,19.31,4,1.5,5.06,3.38,11.81,10.13,0.0,0,0,0,1,0,MOC,0
2024,675,Caneros de los Mochis,691388,Jonas Garibay,1,RP,6,0,7,10,8,2,0,3,5,4,1,13,0,0.394,33,0.447,0.727,1.174,0,1,100.0,0,136,9.39,7.2,0,0,0,0,0,0,8,2.22,39,23,6,0,0,92,0.68,0,0,1,0,24,0.7,,17.74,4,1.25,5.87,4.7,15.26,9.39,3.52,0,0,0,1,1,MOC,0
2024,675,Caneros de los Mochis,679893,Manuel Urias,1,"SP, RP",6,4,16,12,16,3,0,3,10,7,0,17,0,0.309,55,0.387,0.527,0.914,0,4,100.0,1,253,11.08,13.0,0,5,0,0,0,0,16,1.85,62,39,6,0,0,158,0.62,0,0,0,0,29,1.33,0.0,19.46,0,1.43,6.92,4.85,11.77,11.08,2.08,0,0,0,0,0,MOC,0
2024,676,Mayos de Navojoa,679857,Carlos Tavera,1,SP,7,7,26,44,6,3,0,3,36,16,0,18,1,0.146,123,0.248,0.244,0.492,0,4,100.0,4,597,1.25,36.0,2,2,0,0,0,0,5,0.94,141,108,7,0,0,368,0.62,1,2,0,0,30,0.59,0.5,16.58,0,2.25,9.0,4.0,4.5,1.5,0.75,0,0,0,0,1,NAV,3
2024,676,Mayos de Navojoa,662964,Francisco Haro,1,RP,17,0,24,18,4,5,0,1,17,6,1,15,4,0.203,74,0.298,0.311,0.609,0,5,100.0,1,300,1.8,20.0,1,2,0,2,3,2,4,1.05,84,60,17,0,0,201,0.67,4,0,1,0,23,1.33,0.333,15.0,1,2.83,7.65,2.7,6.75,1.8,0.45,9,7,0,0,0,NAV,0
2024,676,Mayos de Navojoa,677604,Damian Mendoza,1,"SP, RP",9,4,34,20,7,5,0,1,29,9,0,21,1,0.208,101,0.274,0.287,0.561,1,0,0.0,2,441,2.22,28.1,1,1,0,0,1,0,7,1.06,114,85,9,0,0,280,0.63,1,0,0,1,29,1.7,0.5,15.56,2,3.22,9.21,2.86,6.67,2.22,0.32,3,2,0,1,2,NAV,1
2024,676,Mayos de Navojoa,692940,Erick Preciado,1,RP,8,0,8,14,4,4,0,1,12,5,0,16,1,0.32,50,0.393,0.46,0.853,0,1,100.0,1,216,2.25,12.0,1,0,1,1,1,0,3,1.75,56,36,8,0,0,126,0.58,1,0,2,0,23,0.57,1.0,18.0,2,2.4,9.0,3.75,12.0,3.0,0.75,4,4,0,0,0,NAV,0
2024,676,Mayos de Navojoa,619854,Carlos Bustamante,1,RP,18,0,17,21,5,2,1,3,17,5,0,14,0,0.203,69,0.257,0.391,0.648,0,6,100.0,1,267,2.37,19.0,0,0,0,1,4,1,5,1.0,74,57,18,0,0,172,0.64,0,0,0,0,27,0.81,,14.05,2,3.4,8.05,2.37,6.63,2.37,1.42,9,6,0,0,0,NAV,0
2024,676,Mayos de Navojoa,820829,Charlie Hasty,1,RP,19,0,18,29,10,5,0,1,12,12,1,13,0,0.194,67,0.305,0.313,0.618,1,3,75.0,1,335,3.15,20.0,0,1,9,11,0,2,7,1.25,84,60,19,0,0,208,0.62,0,0,0,0,21,0.62,0.0,16.75,15,1.0,5.4,5.4,5.85,4.5,0.45,3,1,0,2,3,NAV,0
2024,676,Mayos de Navojoa,592761,Caleb Smith,1,SP,4,4,12,12,9,5,1,0,21,10,0,16,2,0.262,61,0.384,0.377,0.761,1,1,50.0,2,316,4.41,16.1,2,1,0,0,0,0,8,1.59,73,49,4,0,0,189,0.6,2,0,1,0,23,1.0,0.667,19.35,0,2.1,11.57,5.51,8.82,4.96,0.0,0,0,0,0,0,NAV,0
2024,676,Mayos de Navojoa,477462,Esteban Haro,1,RP,15,0,13,20,9,1,0,0,5,3,0,15,0,0.288,52,0.327,0.308,0.635,0,1,100.0,1,216,4.5,12.0,1,0,0,1,3,1,6,1.5,56,36,15,0,0,134,0.62,0,0,1,0,16,0.65,1.0,18.0,0,1.67,3.75,2.25,11.25,6.75,0.0,2,0,0,1,0,NAV,0
2024,676,Mayos de Navojoa,670416,Zach Matson,1,SP,7,7,26,30,15,4,0,5,31,17,0,24,1,0.22,109,0.328,0.394,0.722,0,1,100.0,0,515,4.71,28.2,1,3,0,0,0,0,15,1.43,129,86,7,0,0,310,0.6,1,0,3,0,43,0.87,0.25,17.97,0,1.82,9.73,5.34,7.53,4.71,1.57,0,0,0,1,1,NAV,1
2024,676,Mayos de Navojoa,631229,Dalton Rodriguez,1,SP,8,8,45,44,28,13,0,1,21,10,0,42,1,0.29,145,0.325,0.4,0.725,1,5,83.3,0,592,4.79,35.2,3,4,0,0,0,0,19,1.46,163,107,8,0,0,362,0.61,1,0,3,1,58,1.02,0.429,16.6,0,2.1,5.3,2.52,10.6,7.07,0.25,0,0,0,0,7,NAV,1
2024,676,Mayos de Navojoa,593594,Octavio Acosta,1,SP,7,7,32,35,19,5,0,1,16,12,0,29,0,0.264,110,0.333,0.336,0.669,0,2,100.0,5,449,5.4,28.1,1,4,0,0,0,0,17,1.45,124,85,7,0,0,284,0.63,0,0,1,0,37,0.91,0.2,15.85,0,1.33,5.08,3.81,9.21,6.04,0.32,0,0,0,1,1,NAV,2
2024,676,Mayos de Navojoa,703006,Jorge Sauceda,1,"SP, RP",9,1,13,14,7,4,0,1,5,10,0,14,4,0.311,45,0.475,0.467,0.942,1,0,0.0,1,238,5.56,11.1,0,0,0,0,0,0,7,2.12,60,34,9,0,0,137,0.58,4,0,2,1,21,0.93,,21.0,1,0.5,3.97,7.94,11.12,5.56,0.79,4,3,0,1,0,NAV,0
2024,676,Mayos de Navojoa,674476,Jonathan Partida,1,RP,16,0,9,10,7,1,0,2,8,5,1,8,0,0.229,35,0.325,0.429,0.754,0,2,100.0,2,183,5.59,9.2,0,2,0,1,0,1,6,1.34,40,29,16,0,0,112,0.61,0,0,1,0,15,0.9,0.0,18.93,4,1.6,7.45,4.66,7.45,6.52,1.86,14,4,0,0,0,NAV,0
2024,676,Mayos de Navojoa,683030,Edwyn Valle,1,RP,13,0,11,16,8,2,0,4,9,4,0,11,0,0.244,45,0.306,0.556,0.862,0,1,100.0,0,201,6.17,11.2,2,0,0,0,0,0,8,1.29,51,35,13,0,0,128,0.64,0,0,0,0,25,0.69,1.0,17.23,3,2.25,6.94,3.09,8.49,6.17,3.09,6,4,0,2,0,NAV,0
2024,676,Mayos de Navojoa,642375,Jose Carlos Medina,1,RP,8,0,12,10,7,1,0,3,5,4,1,12,1,0.308,39,0.386,0.564,0.95,0,1,100.0,2,159,6.52,9.2,0,0,0,0,1,0,7,1.66,44,29,8,0,0,95,0.6,1,0,1,0,22,1.2,,16.45,2,1.25,4.66,3.72,11.17,6.52,2.79,9,4,0,0,0,NAV,0
2024,676,Mayos de Navojoa,663820,Alex Valverde,1,RP,11,0,10,4,10,2,0,1,17,13,0,11,2,0.268,41,0.456,0.39,0.846,1,3,75.0,0,255,8.44,10.2,1,1,0,0,2,0,10,2.25,57,32,11,0,0,142,0.56,2,1,0,1,16,2.5,0.5,23.91,0,1.31,14.34,10.97,9.28,8.44,0.84,2,0,0,0,1,NAV,0
2024,676,Mayos de Navojoa,680653,Denny Roman,1,RP,14,0,6,10,8,4,0,0,9,5,0,10,0,0.303,33,0.385,0.424,0.809,0,1,100.0,0,168,8.64,8.1,0,0,0,0,1,0,8,1.8,40,25,14,0,0,103,0.61,0,0,1,0,14,0.6,,20.16,1,1.8,9.72,5.4,10.8,8.64,0.0,11,1,0,1,1,NAV,0
2024,676,Mayos de Navojoa,802568,Daniel Zazueta,1,RP,4,0,3,0,2,0,0,0,3,0,0,2,0,0.286,7,0.286,0.286,0.572,0,0,,0,34,9.0,2.0,0,0,0,0,0,0,2,1.0,8,6,4,0,0,22,0.65,0,0,0,0,2,3.0,,17.0,1,,13.5,0.0,9.0,9.0,0.0,6,0,0,1,0,NAV,0
2024,676,Mayos de Navojoa,691823,Esteban Bloch,1,RP,14,0,21,8,14,3,0,3,8,7,1,17,2,0.34,50,0.441,0.58,1.021,0,1,100.0,1,225,9.26,11.2,0,1,0,2,0,2,12,2.06,63,35,14,0,0,136,0.6,2,0,0,0,29,2.63,0.0,19.29,4,1.14,6.17,5.4,13.11,10.8,2.31,10,7,0,4,0,NAV,0
2024,677,Naranjeros de Hermosillo,684169,Joel Ibarra,1,RP,1,0,1,0,0,0,0,0,1,2,0,0,0,0.0,2,0.5,0.0,0.5,0,0,,1,20,0.0,1.0,0,0,0,0,0,0,0,2.0,4,3,1,0,0,8,0.4,0,0,0,0,0,1.0,,20.0,0,0.5,9.0,18.0,0.0,0.0,0.0,0,0,0,0,0,HER,0
2024,677,Naranjeros de Hermosillo,625068,Javier Rodriguez,1,RP,4,0,7,5,0,0,0,0,1,5,0,3,0,0.188,16,0.381,0.188,0.569,0,0,,0,86,0.0,4.1,0,0,0,0,0,0,0,1.85,21,13,4,0,0,43,0.5,0,0,0,0,3,1.4,,19.85,2,0.2,2.08,10.38,6.23,0.0,0.0,3,1,0,0,0,HER,0
2024,677,Naranjeros de Hermosillo,641852,Thomas McIlraith,1,RP,9,0,6,14,2,0,0,0,8,2,0,7,3,0.2,35,0.3,0.2,0.5,0,1,100.0,0,162,1.0,9.0,1,0,2,3,0,1,1,1.0,40,27,9,0,0,104,0.64,3,0,2,0,7,0.43,1.0,18.0,4,4.0,8.0,2.0,7.0,2.0,0.0,4,2,0,0,0,HER,0
2024,677,Naranjeros de Hermosillo,676689,Ricky Karcher,1,RP,19,0,22,11,7,0,0,0,31,11,1,13,1,0.171,76,0.284,0.171,0.455,3,1,25.0,3,387,1.59,22.2,3,1,0,1,6,1,4,1.06,89,68,19,0,0,240,0.62,1,0,4,0,13,2.0,0.75,17.07,3,2.82,12.31,4.37,5.16,2.78,0.0,4,1,0,1,0,HER,0
2024,677,Naranjeros de Hermosillo,476594,Robert Stock,1,SP,8,8,57,44,12,6,0,2,47,15,0,34,3,0.19,179,0.263,0.257,0.52,1,2,66.7,2,791,1.61,50.1,6,2,0,0,0,0,9,0.97,200,151,8,0,0,492,0.62,3,0,5,1,46,1.3,0.75,15.72,0,3.13,8.4,2.68,6.08,2.15,0.36,0,0,0,2,1,HER,6
2024,677,Naranjeros de Hermosillo,594027,Tayron Guerrero,1,RP,8,0,9,6,3,1,0,0,14,3,0,6,2,0.171,35,0.275,0.2,0.475,1,4,80.0,0,179,1.86,9.2,0,0,0,1,2,1,2,0.93,40,29,8,0,0,121,0.68,2,0,0,0,7,1.5,,18.52,1,4.67,13.03,2.79,5.59,2.79,0.0,1,0,0,0,0,HER,0
2024,677,Naranjeros de Hermosillo,681659,Jorge Rodriguez,1,"SP, RP",7,3,17,10,4,1,0,2,11,4,1,10,0,0.222,45,0.286,0.378,0.664,1,1,50.0,1,224,2.08,13.0,0,0,0,0,1,0,3,1.08,52,39,7,0,0,135,0.6,0,0,0,0,17,1.7,,17.23,0,2.75,7.62,2.77,6.92,2.77,1.38,4,0,0,3,0,HER,0
2024,677,Naranjeros de Hermosillo,510552,Ozzie Mendez,1,RP,13,0,7,10,2,1,0,0,6,3,0,8,0,0.267,30,0.333,0.3,0.633,0,0,,1,137,2.16,8.1,1,0,0,0,1,0,2,1.32,34,25,13,0,0,82,0.6,0,0,0,0,9,0.7,1.0,16.44,0,2.0,6.48,3.24,8.64,2.16,0.0,10,3,0,1,0,HER,0
2024,677,Naranjeros de Hermosillo,643494,A.J. Puckett,1,RP,18,0,33,14,8,2,0,2,27,9,1,18,5,0.198,91,0.305,0.286,0.591,1,0,0.0,2,381,2.49,25.1,2,1,2,5,4,3,7,1.07,106,76,18,0,0,241,0.63,5,1,1,0,26,2.36,0.667,15.04,7,3.0,9.59,3.2,6.39,2.84,0.71,6,3,0,1,0,HER,0
2024,677,Naranjeros de Hermosillo,643518,Jose Samayoa,1,SP,8,8,36,46,13,6,1,1,38,13,0,36,2,0.234,154,0.3,0.305,0.605,3,5,62.5,2,685,2.79,42.0,2,2,0,0,0,0,13,1.17,171,126,8,0,0,436,0.64,2,0,0,0,47,0.78,0.5,16.31,0,2.92,8.14,2.79,7.71,2.79,0.21,0,0,0,1,1,HER,4
2024,677,Naranjeros de Hermosillo,502515,Raul Barron,1,RP,13,0,14,13,5,1,1,0,7,5,0,10,0,0.233,43,0.313,0.302,0.615,0,1,100.0,2,197,3.09,11.2,0,0,1,1,0,0,4,1.29,49,35,13,0,0,126,0.64,0,0,3,0,13,1.08,,16.89,2,1.4,5.4,3.86,7.71,3.86,0.0,8,1,0,1,0,HER,0
2024,677,Naranjeros de Hermosillo,660604,Alan Rangel,1,SP,7,7,29,39,12,11,0,1,26,10,0,32,1,0.26,123,0.319,0.374,0.693,0,6,100.0,1,523,3.38,32.0,1,4,0,0,0,0,12,1.31,137,96,7,0,0,342,0.65,1,0,1,0,46,0.74,0.2,16.34,0,2.6,7.31,2.81,9.0,3.38,0.28,0,0,0,2,1,HER,2
2024,677,Naranjeros de Hermosillo,800078,Augusto Mendieta,1,RP,6,0,11,8,4,0,0,0,9,5,0,7,1,0.206,34,0.317,0.206,0.523,1,0,0.0,1,156,3.86,9.1,0,0,0,0,0,0,4,1.29,41,28,6,0,0,93,0.6,1,0,1,0,7,1.38,,16.71,1,1.8,8.68,4.82,6.75,3.86,0.0,10,1,0,0,1,HER,0
2024,677,Naranjeros de Hermosillo,811370,Enrique Castillo,1,RP,5,0,1,4,3,1,0,1,7,4,0,4,0,0.25,16,0.4,0.5,0.9,1,0,0.0,0,87,4.15,4.1,0,0,0,0,0,0,2,1.85,20,13,5,0,0,52,0.6,0,0,1,0,8,0.25,,20.08,2,1.75,14.54,8.31,8.31,6.23,2.08,3,3,0,0,0,HER,0
2024,677,Naranjeros de Hermosillo,658140,Wilmer Rios,1,SP,5,5,31,24,13,2,0,1,9,5,0,28,2,0.311,90,0.354,0.367,0.721,2,2,50.0,4,350,4.24,23.1,2,1,0,0,0,0,11,1.41,100,70,5,0,0,218,0.62,2,0,0,0,33,1.29,0.667,15.0,0,1.8,3.47,1.93,10.8,5.01,0.39,0,0,1,0,2,HER,2
2024,677,Naranjeros de Hermosillo,477569,Fernando Salas,1,RP,14,0,14,16,9,1,0,0,4,8,1,18,0,0.375,48,0.448,0.396,0.844,1,0,0.0,1,201,4.5,12.0,2,2,7,8,0,1,6,2.17,60,36,14,0,0,140,0.7,0,0,0,0,19,0.88,0.5,16.75,13,0.5,3.0,6.0,13.5,6.75,0.0,2,1,0,2,2,HER,0
2024,677,Naranjeros de Hermosillo,666016,Jose Albertos,1,"SP, RP",5,1,15,2,5,0,0,0,4,7,0,7,3,0.25,28,0.447,0.25,0.697,0,3,100.0,0,145,4.91,7.1,0,0,0,0,0,0,4,1.91,38,22,5,0,0,73,0.5,3,0,0,0,7,7.5,,19.77,0,0.57,4.91,8.59,8.59,6.14,0.0,1,0,0,0,0,HER,0
2024,677,Naranjeros de Hermosillo,668954,Curtis Taylor,1,"SP, RP",7,6,23,31,20,4,0,5,36,9,0,35,2,0.294,119,0.348,0.454,0.802,5,2,28.6,1,531,5.34,32.0,0,4,0,0,0,0,19,1.38,136,96,7,0,0,350,0.66,2,0,3,2,54,0.74,0.0,16.59,0,4.0,10.13,2.53,9.84,5.63,1.41,0,0,0,4,2,HER,2
2024,677,Naranjeros de Hermosillo,806517,Saul Arias,1,RP,5,0,3,6,3,0,1,1,2,4,0,5,1,0.313,16,0.476,0.625,1.101,1,0,0.0,2,89,5.79,4.2,1,0,0,0,0,0,3,1.93,21,14,5,0,0,46,0.52,1,0,0,0,10,0.5,1.0,19.07,0,0.5,3.86,7.71,9.64,5.79,1.93,5,2,0,0,0,HER,0
2024,677,Naranjeros de Hermosillo,701432,Orlando Gonzalez,1,RP,6,0,5,6,6,3,0,1,4,1,0,9,1,0.391,23,0.44,0.652,1.092,0,0,,0,86,10.8,5.0,0,0,0,0,0,0,6,2.0,26,15,6,0,0,53,0.62,1,0,0,0,15,0.83,,17.2,1,4.0,7.2,1.8,16.2,10.8,1.8,7,4,0,1,0,HER,0
2024,677,Naranjeros de Hermosillo,703716,Anibal Cervantes,1,RP,6,0,4,8,9,2,0,0,6,4,1,10,1,0.385,26,0.469,0.462,0.931,1,3,75.0,2,114,11.57,7.0,0,0,1,1,0,0,9,2.0,33,21,6,0,0,68,0.6,1,0,1,0,12,0.5,,16.29,2,1.5,7.71,5.14,12.86,11.57,0.0,7,3,0,1,1,HER,0
2024,678,Tomateros de Culiacan,624647,Victor González,1,RP,1,0,1,0,0,0,0,0,1,0,0,1,0,0.333,3,0.333,0.333,0.666,0,0,,1,8,0.0,1.0,0,0,0,0,0,0,0,1.0,3,3,1,0,0,6,0.75,0,0,0,0,1,1.0,,8.0,0,,9.0,0.0,9.0,0.0,0.0,0,0,0,0,0,CUL,0
2024,678,Tomateros de Culiacan,668665,Stephen Nogosek,1,RP,17,0,13,19,2,0,0,0,21,3,0,9,1,0.148,61,0.197,0.148,0.345,0,1,100.0,1,251,0.0,18.0,1,0,10,11,0,1,0,0.67,66,54,17,0,0,175,0.7,1,0,1,0,9,0.68,1.0,13.94,15,7.0,10.5,1.5,4.5,1.0,0.0,0,0,0,0,1,CUL,0
2024,678,Tomateros de Culiacan,683124,Fernando Olguin,1,RP,13,0,16,17,4,0,0,2,12,3,0,5,3,0.102,49,0.2,0.224,0.424,0,0,,1,234,1.8,15.0,1,1,0,0,1,0,3,0.53,56,45,13,0,0,148,0.63,3,0,2,0,11,0.94,0.5,15.6,4,4.0,7.2,1.8,3.0,2.4,1.2,7,1,0,1,0,CUL,0
2024,678,Tomateros de Culiacan,664823,David Gutierrez,1,RP,19,0,13,10,3,4,0,2,15,4,0,13,2,0.271,48,0.345,0.479,0.824,0,0,,3,215,1.84,14.2,1,1,0,1,12,1,3,1.16,57,44,19,0,0,149,0.69,2,0,0,0,23,1.3,0.5,14.66,2,3.75,9.2,2.45,7.98,1.84,1.23,21,10,0,2,1,CUL,0
2024,678,Tomateros de Culiacan,827653,Luis Aguayo,1,RP,4,0,3,4,1,1,0,0,6,3,0,3,0,0.188,16,0.316,0.25,0.566,0,0,,1,76,1.93,4.2,0,0,0,0,0,0,1,1.29,19,14,4,0,0,44,0.58,0,0,0,0,4,0.75,,16.29,2,2.0,11.57,5.79,5.79,1.93,0.0,3,0,0,0,0,CUL,0
2024,678,Tomateros de Culiacan,653252,Sasagi Sanchez,1,RP,19,0,15,25,5,0,1,3,14,4,1,8,0,0.129,62,0.182,0.306,0.488,1,1,50.0,1,262,1.93,18.2,1,1,0,1,10,1,4,0.64,66,56,19,0,0,177,0.68,0,0,0,0,19,0.6,0.5,14.04,2,3.5,6.75,1.93,3.86,2.41,1.45,0,0,0,0,0,CUL,0
2024,678,Tomateros de Culiacan,518435,Manny Barreda,1,SP,7,7,45,47,11,10,1,1,27,26,0,33,0,0.219,151,0.333,0.318,0.651,3,5,62.5,2,679,1.96,41.1,6,1,0,0,0,0,9,1.43,178,124,7,0,0,401,0.59,0,0,2,0,48,0.96,0.857,16.43,0,1.04,5.88,5.66,7.19,2.4,0.22,0,0,0,1,0,CUL,3
2024,678,Tomateros de Culiacan,544365,Manny Bañuelos,1,SP,3,3,15,16,5,1,0,0,14,9,0,11,0,0.196,56,0.308,0.214,0.522,0,3,100.0,2,267,2.35,15.1,2,0,0,0,0,0,4,1.3,65,46,3,0,0,166,0.62,0,0,0,1,12,0.94,1.0,17.41,0,1.56,8.22,5.28,6.46,2.93,0.0,0,0,0,0,0,CUL,1
2024,678,Tomateros de Culiacan,641962,CD Pelham,1,RP,19,0,15,17,4,0,1,0,12,8,1,15,0,0.259,58,0.348,0.293,0.641,0,0,,1,255,2.4,15.0,1,0,0,0,9,0,4,1.53,67,45,19,0,0,161,0.63,0,0,1,0,17,0.88,1.0,17.0,2,1.5,7.2,4.8,9.0,2.4,0.0,11,0,0,1,0,CUL,0
2024,678,Tomateros de Culiacan,678713,Efrain Contreras,1,RP,14,0,10,10,4,2,0,1,21,6,1,13,1,0.241,54,0.328,0.333,0.661,0,1,100.0,1,253,2.57,14.0,0,0,0,0,1,0,4,1.36,61,42,14,0,0,163,0.64,1,0,0,0,18,1.0,,18.07,2,3.5,13.5,3.86,8.36,2.57,0.64,6,2,0,0,0,CUL,0
2024,678,Tomateros de Culiacan,666017,Ruben Reyes,O,RP,8,0,6,6,2,0,0,1,5,3,0,4,1,0.19,21,0.32,0.333,0.653,0,0,,2,99,2.7,6.2,0,0,0,0,1,0,2,1.05,25,20,8,0,0,62,0.63,1,0,1,0,7,1.0,,14.85,2,1.67,6.75,4.05,5.4,2.7,1.35,7,1,0,0,0,CUL,0
2024,678,Tomateros de Culiacan,806317,Axel Sauceda,1,RP,6,0,3,11,2,1,0,0,4,1,0,6,0,0.273,22,0.292,0.318,0.61,0,1,100.0,0,102,3.0,6.0,0,0,0,0,0,0,2,1.17,25,18,6,0,0,68,0.67,0,0,0,0,7,0.27,,17.0,5,4.0,6.0,1.5,9.0,3.0,0.0,5,2,0,1,1,CUL,0
2024,678,Tomateros de Culiacan,674810,Victor Castaneda,1,SP,7,7,30,62,16,5,2,6,24,14,0,33,1,0.224,147,0.296,0.408,0.704,2,0,0.0,3,581,3.6,40.0,4,1,0,0,0,0,16,1.18,164,120,7,0,0,370,0.64,1,0,0,0,60,0.48,0.8,14.53,0,1.71,5.4,3.15,7.43,3.6,1.35,0,0,0,2,0,CUL,5
2024,678,Tomateros de Culiacan,669214,Conner Menez,1,SP,5,5,26,25,11,3,1,2,19,21,0,18,0,0.209,86,0.361,0.337,0.698,1,2,66.7,3,445,3.91,25.1,3,2,0,0,0,0,11,1.54,109,76,5,0,0,257,0.58,0,0,3,1,29,1.04,0.6,17.57,0,0.9,6.75,7.46,6.39,3.91,0.71,0,0,0,1,1,CUL,2
2024,678,Tomateros de Culiacan,670986,Jose Bravo,1,"SP, RP",5,4,26,18,12,2,0,4,23,6,0,20,0,0.235,85,0.286,0.4,0.686,0,1,100.0,2,339,4.63,23.1,2,1,0,0,0,0,12,1.11,93,70,5,0,0,221,0.65,0,0,0,0,34,1.44,0.667,14.53,0,3.83,8.87,2.31,7.71,4.63,1.54,0,0,0,2,0,CUL,2
2024,678,Tomateros de Culiacan,594105,Aldo Montes,1,SP,6,6,44,36,19,3,0,2,15,15,0,37,3,0.287,129,0.374,0.357,0.731,1,1,50.0,6,543,4.64,33.0,3,2,0,0,0,0,17,1.58,150,99,6,0,0,319,0.59,3,0,1,0,46,1.22,0.6,16.45,0,1.0,4.09,4.09,10.09,5.18,0.55,0,0,0,3,0,CUL,3
2024,678,Tomateros de Culiacan,639238,Edgar Arredondo,1,SP,6,6,42,25,18,2,1,2,10,13,0,34,3,0.33,103,0.413,0.427,0.84,2,4,66.7,7,492,5.34,28.2,1,2,0,0,0,0,17,1.64,127,86,6,0,0,295,0.6,3,0,0,0,44,1.68,0.333,17.16,0,0.77,3.14,4.08,10.67,5.65,0.63,0,0,0,6,2,CUL,0
2024,678,Tomateros de Culiacan,698962,Ricardo Estrada,1,RP,10,0,12,7,10,1,0,0,6,7,1,12,3,0.333,36,0.478,0.361,0.839,1,2,66.7,3,174,6.75,9.1,0,0,0,0,0,0,7,2.04,47,28,10,0,0,94,0.54,3,0,0,0,13,1.71,,18.64,0,0.86,5.79,6.75,11.57,9.64,0.0,10,5,0,1,0,CUL,0
2024,678,Tomateros de Culiacan,660420,Carlos Machorro,1,RP,6,0,6,2,5,1,0,0,6,3,0,8,0,0.364,22,0.44,0.409,0.849,0,0,,1,92,9.64,4.2,0,0,0,0,0,0,5,2.36,25,14,6,0,0,58,0.63,0,0,0,0,9,3.0,,19.71,2,2.0,11.57,5.79,15.43,9.64,0.0,3,3,0,0,0,CUL,0
2024,678,Tomateros de Culiacan,641995,Roel Ramírez,1,RP,3,0,2,1,3,0,0,0,0,1,0,3,0,0.5,6,0.571,0.5,1.071,0,1,100.0,0,23,18.0,1.0,0,0,0,0,1,0,2,4.0,7,3,3,0,0,14,0.61,0,0,0,0,3,2.0,,23.0,0,0.0,0.0,9.0,27.0,27.0,0.0,1,0,0,0,0,CUL,0
2024,678,Tomateros de Culiacan,828443,Diego Castro,1,RP,1,0,1,0,1,0,0,0,0,1,0,1,0,0.5,2,0.667,0.5,1.167,0,0,,0,13,27.0,0.1,0,0,0,0,0,0,1,6.0,3,1,1,0,0,7,0.54,0,0,0,0,1,1.0,,39.0,0,0.0,0.0,27.0,27.0,27.0,0.0,0,0,0,0,0,CUL,0
2024,679,Venados de Mazatlan,666669,Elkin Alcala,1,RP,1,0,1,2,0,0,0,0,0,0,0,1,0,0.25,4,0.25,0.25,0.5,0,0,,0,18,0.0,1.0,0,0,0,0,1,0,0,1.0,4,3,1,0,0,12,0.67,0,0,0,0,1,0.5,,18.0,0,,0.0,0.0,9.0,0.0,0.0,0,0,0,0,0,MAZ,0
2024,679,Venados de Mazatlan,691376,Irving Medina,1,RP,2,0,2,2,0,0,0,0,2,1,0,0,0,0.0,6,0.143,0.0,0.143,0,0,,0,28,0.0,2.0,0,0,0,0,0,0,0,0.5,7,6,2,0,0,16,0.57,0,0,0,0,0,1.0,,14.0,2,2.0,9.0,4.5,0.0,0.0,0.0,0,0,0,0,0,MAZ,0
2024,679,Venados de Mazatlan,676019,Oscar Rojas,1,RP,2,0,1,4,0,0,0,0,2,1,0,3,0,0.3,10,0.364,0.3,0.664,0,0,,0,50,0.0,2.1,0,0,0,0,0,0,0,1.71,11,7,2,0,0,35,0.7,0,0,0,0,3,0.25,,21.43,0,2.0,7.71,3.86,11.57,0.0,0.0,1,1,0,0,0,MAZ,0
2024,679,Venados de Mazatlan,465038,Alejandro Soto,1,RP,12,0,6,16,0,0,0,0,8,3,0,5,2,0.143,35,0.25,0.143,0.393,0,1,100.0,0,152,0.0,10.0,0,0,0,0,1,0,0,0.8,40,30,12,0,0,100,0.66,2,0,0,0,5,0.38,,15.2,2,2.67,7.2,2.7,4.5,0.0,0.0,6,0,0,0,0,MAZ,0
2024,679,Venados de Mazatlan,672666,Adolfo Ramirez,1,"SP, RP",9,1,13,5,1,1,0,0,8,4,0,5,0,0.167,30,0.257,0.2,0.457,1,1,50.0,0,133,0.96,9.1,1,0,0,0,0,0,1,0.96,35,28,9,0,0,83,0.62,0,0,2,0,6,2.6,1.0,14.25,2,2.0,7.71,3.86,4.82,0.96,0.0,3,0,0,0,1,MAZ,0
2024,679,Venados de Mazatlan,540988,Demetrio Gutierrez,1,RP,16,0,9,18,2,2,0,0,11,6,0,5,2,0.116,43,0.255,0.163,0.418,0,2,100.0,0,185,1.42,12.2,0,0,0,1,3,1,2,0.87,51,38,16,0,0,117,0.63,2,0,0,0,7,0.5,,14.61,2,1.83,7.82,4.26,3.55,1.42,0.0,8,1,0,0,0,MAZ,0
2024,679,Venados de Mazatlan,663884,Nolan Kingham,1,SP,8,8,66,37,18,8,0,1,36,13,0,39,3,0.224,174,0.285,0.287,0.572,3,5,62.5,3,704,2.44,48.0,1,3,0,0,0,0,13,1.08,194,144,8,1,0,458,0.65,3,0,1,0,50,1.78,0.25,14.67,0,2.77,6.75,2.44,7.31,3.38,0.19,0,0,0,1,3,MAZ,4
2024,679,Venados de Mazatlan,585132,Raul Carrillo,1,SP,6,6,26,33,10,5,1,1,20,9,0,30,1,0.278,108,0.339,0.37,0.709,0,1,100.0,6,457,3.18,28.1,1,2,0,0,0,0,10,1.38,119,85,6,0,0,281,0.61,1,0,1,0,40,0.79,0.333,16.13,0,2.22,6.35,2.86,9.53,3.18,0.32,0,0,0,1,0,MAZ,0
2024,679,Venados de Mazatlan,650813,Luis Escobar,1,SP,7,7,42,46,18,5,1,4,14,14,0,35,1,0.259,135,0.333,0.4,0.733,3,5,62.5,4,558,3.31,35.1,2,3,0,0,0,0,13,1.39,152,106,7,0,0,342,0.61,1,0,2,0,54,0.91,0.4,15.79,0,1.0,3.57,3.57,8.92,4.58,1.02,0,0,0,2,0,MAZ,1
2024,679,Venados de Mazatlan,510554,Andres Ivan Meza,1,RP,11,0,11,13,6,1,0,3,4,1,0,9,2,0.25,36,0.308,0.528,0.836,2,0,0.0,0,149,3.6,10.0,1,1,0,1,1,1,4,1.0,40,30,11,0,0,89,0.6,2,0,1,0,19,0.85,0.5,14.9,5,4.0,3.6,0.9,8.1,5.4,2.7,11,3,0,1,0,MAZ,0
2024,679,Venados de Mazatlan,694756,J.P. Woodward,1,RP,21,0,25,12,10,1,1,0,16,12,3,19,2,0.268,71,0.388,0.31,0.698,0,3,100.0,7,305,3.72,19.1,2,2,0,2,9,2,8,1.6,86,58,21,0,0,192,0.63,2,0,2,0,22,2.08,0.5,15.78,2,1.33,7.45,5.59,8.84,4.66,0.0,10,4,0,1,0,MAZ,0
2024,679,Venados de Mazatlan,701063,Pablo Tellez,1,SP,7,7,29,32,16,7,0,2,27,8,0,33,2,0.282,117,0.336,0.393,0.729,3,5,62.5,3,494,3.73,31.1,3,3,0,0,0,0,13,1.31,131,94,7,0,0,331,0.67,2,0,0,0,46,0.91,0.5,15.77,0,3.38,7.76,2.3,9.48,4.6,0.57,0,0,0,3,1,MAZ,1
2024,679,Venados de Mazatlan,683114,Fernando Burgueno,1,RP,4,0,4,6,2,2,0,0,3,1,0,8,0,0.381,21,0.409,0.476,0.885,0,0,,0,66,4.15,4.1,0,0,0,0,0,0,2,2.08,22,13,4,0,0,43,0.65,0,0,1,0,10,0.67,,15.23,2,3.0,6.23,2.08,16.62,4.15,0.0,2,0,0,0,0,MAZ,0
2024,679,Venados de Mazatlan,542279,Javier Solano,1,SP,8,8,36,67,21,5,0,4,24,13,0,37,0,0.226,164,0.282,0.329,0.611,1,1,50.0,2,683,4.19,43.0,3,3,0,0,0,0,20,1.16,177,129,8,0,0,454,0.66,0,0,1,0,54,0.54,0.5,15.88,0,1.85,5.02,2.72,7.74,4.4,0.84,0,0,0,0,0,MAZ,4
2024,679,Venados de Mazatlan,675188,Hector Villalobos,1,RP,13,0,12,16,7,2,1,2,11,9,0,15,0,0.283,53,0.387,0.472,0.859,0,1,100.0,5,243,4.2,15.0,1,1,0,0,1,0,7,1.6,63,45,13,0,0,132,0.54,0,0,2,0,25,0.75,0.5,16.2,0,1.22,6.6,5.4,9.0,4.2,1.2,15,10,0,1,0,MAZ,0
2024,679,Venados de Mazatlan,667918,Erick Casillas,1,RP,21,0,18,18,11,3,0,0,15,10,1,16,3,0.258,62,0.377,0.306,0.683,1,3,75.0,1,299,4.32,16.2,0,0,0,0,9,0,8,1.56,80,50,21,0,0,185,0.62,3,0,0,0,19,1.0,,17.94,1,1.5,8.1,5.4,8.64,5.94,0.0,9,4,0,3,2,MAZ,0
2024,679,Venados de Mazatlan,679013,Sammy Tavarez,1,RP,4,0,5,6,5,1,0,0,2,3,0,5,1,0.278,18,0.409,0.333,0.742,0,1,100.0,0,84,4.5,4.0,0,0,0,0,0,0,2,2.0,22,12,4,0,0,48,0.57,1,0,0,0,6,0.83,,21.0,1,0.67,4.5,6.75,11.25,11.25,0.0,2,0,0,0,0,MAZ,0
2024,679,Venados de Mazatlan,666208,Alex Speas,1,RP,6,0,4,8,4,0,0,1,7,2,0,4,2,0.174,23,0.296,0.304,0.6,0,1,100.0,1,101,5.4,6.2,0,2,4,5,0,1,4,0.9,27,20,6,0,0,60,0.59,2,0,2,0,7,0.5,0.0,15.15,6,3.5,9.45,2.7,5.4,5.4,1.35,3,2,0,0,0,MAZ,0
2024,679,Venados de Mazatlan,802559,Victor Morales,1,RP,12,0,8,7,7,0,0,1,10,6,0,7,0,0.219,32,0.342,0.313,0.655,0,1,100.0,1,156,5.63,8.0,1,0,0,0,3,0,5,1.63,38,24,12,0,0,96,0.62,0,0,0,0,10,1.14,1.0,19.5,0,1.67,11.25,6.75,7.88,7.88,1.13,4,2,0,0,0,MAZ,0
2024,679,Venados de Mazatlan,554230,Amilcar Gaxiola,1,RP,4,0,6,6,3,1,0,0,1,0,0,5,2,0.294,17,0.35,0.353,0.703,1,0,0.0,0,89,5.79,4.2,0,0,0,0,0,0,3,1.07,20,14,4,0,0,55,0.62,2,0,0,0,6,1.0,,19.07,0,,1.93,0.0,9.64,5.79,0.0,1,0,0,0,1,MAZ,0
2024,679,Venados de Mazatlan,692643,Ernesto Borges,1,RP,4,0,5,3,5,1,0,1,3,5,0,6,0,0.353,17,0.5,0.588,1.088,1,0,0.0,0,84,7.36,3.2,0,0,0,0,0,0,3,3.0,22,11,4,0,0,38,0.45,0,0,0,0,10,1.67,,22.91,2,0.6,7.36,12.27,14.73,12.27,2.45,0,0,0,0,0,MAZ,0
2024,679,Venados de Mazatlan,700071,Alexandro Tovalin,1,RP,13,0,14,6,10,0,0,1,10,10,1,11,2,0.275,40,0.434,0.35,0.784,0,3,100.0,1,225,8.71,10.1,0,2,4,6,0,2,10,2.03,53,31,13,0,0,125,0.56,2,0,1,0,14,2.33,0.0,21.77,9,1.0,8.71,8.71,9.58,8.71,0.87,5,2,0,0,1,MAZ,0
2024,679,Venados de Mazatlan,487019,Manuel Flores,1,SP,1,1,1,0,1,0,0,0,2,4,0,1,0,0.25,4,0.625,0.25,0.875,0,1,100.0,0,45,9.0,1.0,0,0,0,0,0,0,1,5.0,8,3,1,0,0,21,0.47,0,0,0,0,1,1.0,,45.0,0,0.5,18.0,36.0,9.0,9.0,0.0,0,0,0,0,0,MAZ,0
2024,679,Venados de Mazatlan,690909,Daniel Cruz,1,RP,5,0,2,5,5,1,0,2,1,2,0,6,0,0.429,14,0.5,0.929,1.429,0,0,,0,59,12.0,3.0,0,0,0,0,1,0,4,2.67,16,9,5,0,0,37,0.63,0,0,0,0,13,0.4,,19.67,1,0.5,3.0,6.0,18.0,15.0,6.0,8,1,0,0,0,MAZ,0
2024,679,Venados de Mazatlan,571328,Jovany Lopez,1,RP,2,0,0,0,3,2,0,0,1,1,0,3,0,0.75,4,0.8,1.25,2.05,0,0,,0,25,81.0,0.1,0,0,0,0,0,0,3,12.0,5,1,2,0,0,14,0.56,0,0,1,0,5,,,75.0,0,1.0,27.0,27.0,81.0,81.0,0.0,0,0,0,0,0,MAZ,0
2024,680,Yaquis de Obregon,622661,Dallas Martinez,1,RP,2,0,2,1,0,0,0,0,1,0,0,4,0,0.5,8,0.5,0.5,1.0,0,0,,0,34,0.0,1.1,0,0,0,0,0,0,0,3.0,8,4,2,0,0,20,0.59,0,0,0,0,4,2.0,,25.5,1,,6.75,0.0,27.0,0.0,0.0,0,0,0,0,0,OBR,0
2024,680,Yaquis de Obregon,685719,Fernando Sanchez,1,"SP, RP",3,2,10,11,0,1,0,0,8,0,0,5,2,0.147,34,0.194,0.176,0.37,0,0,,1,136,0.0,10.0,0,0,0,0,1,0,0,0.5,36,30,3,0,0,96,0.71,2,0,0,0,6,0.91,,13.6,0,,7.2,0.0,4.5,0.0,0.0,0,0,0,0,0,OBR,0
2024,680,Yaquis de Obregon,605218,Carl Edwards Jr.,1,SP,4,4,23,32,3,3,0,1,16,6,0,13,0,0.159,82,0.213,0.232,0.445,0,0,,0,314,0.39,23.0,0,0,0,0,0,0,1,0.83,90,69,4,0,0,209,0.67,0,0,0,0,19,0.72,,13.65,0,2.67,6.26,2.35,5.09,1.17,0.39,0,0,0,1,1,OBR,3
2024,680,Yaquis de Obregon,675880,Daniel De La Fuente,1,RP,10,0,16,19,1,0,0,1,18,8,0,7,0,0.117,60,0.221,0.167,0.388,3,3,50.0,1,264,0.47,19.0,2,0,0,0,1,0,1,0.79,68,57,10,0,0,152,0.58,0,0,1,1,10,0.84,1.0,13.89,1,2.25,8.53,3.79,3.32,0.47,0.47,7,4,0,0,0,OBR,0
2024,680,Yaquis de Obregon,650980,Samuel Zazueta,1,RP,19,0,17,26,4,1,0,1,12,4,1,17,1,0.246,69,0.293,0.304,0.597,1,2,66.7,1,281,0.48,18.2,1,0,5,6,2,1,1,1.13,77,56,19,0,0,168,0.6,1,0,0,1,21,0.65,1.0,15.05,10,3.0,5.79,1.93,8.2,1.93,0.48,4,1,0,2,1,OBR,0
2024,680,Yaquis de Obregon,616623,Edwin Fierro,1,RP,18,0,25,19,2,0,1,0,7,1,1,14,1,0.222,63,0.242,0.254,0.496,0,0,,5,232,0.96,18.2,4,1,1,1,4,0,2,0.8,67,56,18,0,0,158,0.68,1,0,0,0,16,1.32,0.8,12.43,2,7.0,3.38,0.48,6.75,0.96,0.0,3,0,0,1,1,OBR,0
2024,680,Yaquis de Obregon,678410,Saul Vazquez,1,"SP, RP",6,2,18,21,2,1,0,0,11,8,0,8,2,0.138,58,0.265,0.155,0.42,0,0,,3,248,1.04,17.1,1,0,0,0,0,0,2,0.92,68,52,6,0,0,155,0.63,2,0,1,0,9,0.86,1.0,14.31,1,1.38,5.71,4.15,4.15,1.04,0.0,0,0,0,0,0,OBR,0
2024,680,Yaquis de Obregon,660850,Juan Robles,1,RP,16,0,10,13,2,0,1,0,13,4,1,10,1,0.217,46,0.294,0.261,0.555,1,4,80.0,2,220,1.35,13.1,1,0,0,1,2,1,2,1.05,51,40,16,0,0,140,0.64,1,0,1,0,12,0.77,1.0,16.5,3,3.25,8.78,2.7,6.75,1.35,0.0,8,3,0,0,0,OBR,0
2024,680,Yaquis de Obregon,455359,Orlando Lara,1,SP,4,4,12,18,4,2,0,1,19,1,0,14,1,0.222,63,0.246,0.302,0.548,1,6,85.7,1,246,1.56,17.1,1,0,0,0,0,0,3,0.87,65,52,4,0,0,166,0.67,1,0,0,0,19,0.67,1.0,14.19,0,19.0,9.87,0.52,7.27,2.08,0.52,0,0,0,0,0,OBR,0
2024,680,Yaquis de Obregon,666510,Ulises Lopez,1,RP,7,0,13,7,2,0,0,2,9,2,0,5,0,0.152,33,0.194,0.333,0.527,0,1,100.0,1,130,1.8,10.0,0,0,0,0,0,0,2,0.7,36,30,7,0,0,79,0.61,0,0,0,0,11,1.86,,13.0,4,4.5,8.1,1.8,4.5,1.8,1.8,6,1,0,0,1,OBR,0
2024,680,Yaquis de Obregon,570666,Luis Cessa,1,SP,7,7,37,43,10,5,2,2,26,9,0,26,0,0.198,131,0.248,0.313,0.561,2,1,33.3,1,471,2.21,36.2,3,2,0,0,0,0,9,0.95,141,110,7,0,0,310,0.66,0,0,0,0,41,0.86,0.6,12.85,0,2.89,6.38,2.21,6.38,2.45,0.49,0,0,0,0,1,OBR,2
2024,680,Yaquis de Obregon,542413,Felipe Gonzalez,1,RP,21,0,20,17,9,1,1,0,22,13,0,19,1,0.257,74,0.371,0.297,0.668,0,0,,1,364,3.2,19.2,2,3,0,0,9,0,7,1.63,92,59,21,0,0,212,0.58,1,0,1,0,22,1.18,0.4,18.51,3,1.69,10.07,5.95,8.69,4.12,0.0,1,0,0,3,1,OBR,0
2024,680,Yaquis de Obregon,445995,Arturo Lopez,1,SP,6,6,24,46,12,5,0,1,13,9,0,28,1,0.259,108,0.319,0.333,0.652,0,1,100.0,2,445,3.45,28.2,1,2,0,0,0,0,11,1.29,121,86,6,0,0,275,0.62,1,0,2,0,36,0.52,0.333,15.52,0,1.44,4.08,2.83,8.79,3.77,0.31,0,0,0,2,1,OBR,0
2024,680,Yaquis de Obregon,628333,Odrisamer Despaigne,1,SP,8,8,50,46,19,10,0,1,31,17,0,47,4,0.273,172,0.351,0.349,0.7,2,1,33.3,3,814,3.65,44.1,2,3,0,0,0,0,18,1.44,195,133,8,0,0,494,0.61,4,0,4,1,60,1.09,0.4,18.36,0,1.82,6.29,3.45,9.54,3.86,0.2,0,0,0,1,1,OBR,5
2024,680,Yaquis de Obregon,807848,Yuhi Sako,1,RP,1,0,1,5,1,0,0,0,0,0,0,3,0,0.333,9,0.333,0.333,0.666,0,0,,0,25,4.5,2.0,0,0,0,0,0,0,1,1.5,9,6,1,0,0,18,0.72,0,0,0,0,3,0.2,,12.5,0,,0.0,0.0,13.5,4.5,0.0,0,0,0,0,0,OBR,0
2024,680,Yaquis de Obregon,593372,Carlos Martinez,1,SP,2,2,9,8,6,5,0,0,10,3,0,14,0,0.341,41,0.386,0.463,0.849,1,1,50.0,0,155,5.59,9.2,1,1,0,0,0,0,6,1.76,44,29,2,0,0,106,0.68,0,1,0,0,19,1.13,0.5,16.03,0,3.33,9.31,2.79,13.03,5.59,0.0,0,0,0,0,0,OBR,1
2024,680,Yaquis de Obregon,657116,Zach Willeman,1,RP,18,0,20,15,12,6,1,0,14,12,1,16,0,0.258,62,0.378,0.387,0.765,0,5,100.0,4,307,5.82,17.0,0,3,5,6,2,1,11,1.65,77,51,18,0,0,181,0.59,0,0,1,0,24,1.33,0.0,18.06,8,1.17,7.41,6.35,8.47,6.35,0.0,4,2,0,3,0,OBR,0
2024,680,Yaquis de Obregon,592889,Ernesto Zaragoza,1,RP,6,0,2,4,4,1,0,1,6,3,1,8,0,0.4,20,0.478,0.6,1.078,1,3,75.0,0,87,6.75,4.0,0,1,0,0,1,0,3,2.75,23,12,6,0,0,53,0.61,0,0,3,0,12,0.5,0.0,21.75,2,2.0,13.5,6.75,18.0,9.0,2.25,7,6,0,0,0,OBR,0
2024,680,Yaquis de Obregon,693730,Ruben Salinas,8,RP,8,0,9,0,5,2,0,0,2,1,0,4,2,0.333,12,0.467,0.5,0.967,1,0,0.0,1,53,8.31,4.1,0,0,0,0,2,0,4,1.15,18,13,8,0,0,29,0.55,2,0,0,0,6,9.0,,12.23,2,2.0,4.15,2.08,8.31,10.38,0.0,2,0,0,3,0,OBR,0
2024,680,Yaquis de Obregon,597113,DJ Johnson,1,RP,3,0,2,3,2,0,0,1,1,3,0,1,0,0.143,7,0.4,0.571,0.971,0,2,100.0,0,45,9.0,2.0,0,0,0,1,0,1,2,2.0,10,6,3,0,0,20,0.44,0,0,0,0,4,0.67,,22.5,0,0.33,4.5,13.5,4.5,9.0,4.5,0,0,0,0,0,OBR,0
2024,680,Yaquis de Obregon,663603,Solomon Bates,1,SP,2,2,4,9,9,1,0,1,4,5,0,7,1,0.304,23,0.433,0.478,0.911,1,0,0.0,0,123,11.12,5.2,0,2,0,0,0,0,7,2.12,30,17,2,0,0,72,0.59,1,0,0,0,11,0.44,0.0,21.71,0,0.8,6.35,7.94,11.12,14.29,1.59,0,0,0,0,1,OBR,0
2024,5482,Algodoneros de Guasave,800099,Edwin Cervantes,1,RP,7,0,10,5,0,1,0,0,5,2,0,3,3,0.13,23,0.286,0.174,0.46,0,0,,0,98,0.0,6.1,0,0,0,0,0,0,0,0.79,28,19,7,0,0,55,0.56,3,0,0,0,4,2.0,,15.47,3,2.5,7.11,2.84,4.26,0.0,0.0,4,1,0,0,0,GSV,0
2024,5482,Algodoneros de Guasave,829359,Taiga Kamichatani,1,SP,3,3,19,10,1,1,0,1,17,4,0,13,0,0.22,59,0.27,0.288,0.558,1,3,75.0,2,243,0.54,16.2,2,0,0,0,0,0,1,1.02,63,50,3,0,0,152,0.63,0,0,1,0,17,1.9,1.0,14.58,0,4.25,9.18,2.16,7.02,0.54,0.54,0,0,0,0,0,GSV,1
2024,5482,Algodoneros de Guasave,682608,Peyton Gray,1,RP,12,0,9,8,1,1,0,0,14,4,0,8,0,0.205,39,0.279,0.231,0.51,0,1,100.0,2,196,0.82,11.0,2,0,2,2,3,0,1,1.09,43,33,12,0,0,131,0.67,0,0,1,0,9,1.13,1.0,17.82,3,3.5,11.45,3.27,6.55,0.82,0.0,0,0,0,0,0,GSV,0
2024,5482,Algodoneros de Guasave,572943,Jeff Ibarra,1,RP,11,0,4,8,1,2,0,0,7,3,0,5,1,0.208,24,0.321,0.292,0.613,0,0,,1,103,1.35,6.2,0,0,0,0,6,0,1,1.2,28,20,11,0,0,60,0.58,1,0,0,0,7,0.5,,15.45,0,2.33,9.45,4.05,6.75,1.35,0.0,12,2,0,0,0,GSV,0
2024,5482,Algodoneros de Guasave,703655,Dan Kubiuk,1,RP,16,0,13,16,3,0,0,2,18,3,0,12,1,0.203,59,0.254,0.305,0.559,0,1,100.0,1,254,1.69,16.0,1,0,7,7,0,0,3,0.94,63,48,16,0,0,170,0.67,1,0,0,0,18,0.81,1.0,15.88,14,6.0,10.13,1.69,6.75,1.69,1.13,4,0,0,0,0,GSV,0
2024,5482,Algodoneros de Guasave,703865,Christian Crespo,1,RP,3,0,4,5,1,0,0,1,2,6,0,3,0,0.214,14,0.45,0.429,0.879,2,0,0.0,2,94,1.8,5.0,0,0,0,0,0,0,1,1.8,20,15,3,0,0,48,0.51,0,0,0,0,6,0.8,,18.8,0,0.33,3.6,10.8,5.4,1.8,1.8,4,0,0,0,0,GSV,0
2024,5482,Algodoneros de Guasave,701195,Manuel Castro,1,RP,5,0,3,6,1,0,0,1,4,2,0,5,0,0.278,18,0.35,0.444,0.794,1,0,0.0,0,91,1.93,4.2,1,0,0,0,3,0,1,1.5,20,14,5,0,0,57,0.63,0,0,0,0,8,0.5,1.0,19.5,1,2.0,7.71,3.86,9.64,1.93,1.93,4,0,0,0,0,GSV,0
2024,5482,Algodoneros de Guasave,642856,Fabian Anguamea,1,"SP, RP",17,1,21,11,4,2,0,0,20,7,0,11,1,0.177,62,0.268,0.21,0.478,0,3,100.0,0,302,2.04,17.2,0,0,2,3,4,1,4,1.02,71,53,17,0,0,188,0.62,1,1,2,1,13,1.91,,17.09,5,2.86,10.19,3.57,5.6,2.04,0.0,5,1,0,0,1,GSV,0
2024,5482,Algodoneros de Guasave,684118,Victor Buelna,1,RP,10,0,13,24,6,1,0,2,13,2,0,15,1,0.234,64,0.265,0.344,0.609,0,0,,2,251,2.7,16.2,2,0,0,0,3,0,5,1.02,68,50,10,0,0,163,0.65,1,0,2,0,22,0.54,1.0,15.06,0,6.5,7.02,1.08,8.1,3.24,1.08,10,6,0,0,1,GSV,0
2024,5482,Algodoneros de Guasave,687455,Juan Cossio,1,RP,11,0,16,22,5,3,0,1,9,12,4,11,0,0.204,54,0.343,0.315,0.658,0,1,100.0,0,218,2.87,15.2,1,1,0,1,1,1,5,1.47,70,47,11,0,0,145,0.67,0,0,0,0,17,0.73,0.5,13.91,2,0.75,5.17,6.89,6.32,2.87,0.57,8,2,0,3,1,GSV,0
2024,5482,Algodoneros de Guasave,663793,Dakota Chalmers,1,SP,7,7,28,28,16,5,0,4,35,22,0,28,2,0.239,117,0.364,0.385,0.749,3,5,62.5,5,532,3.38,32.0,1,3,0,0,0,0,12,1.56,143,96,7,0,0,304,0.57,2,0,3,0,45,1.0,0.25,16.63,0,1.59,9.84,6.19,7.88,4.5,1.13,0,0,0,0,2,GSV,1
2024,5482,Algodoneros de Guasave,695871,Jesus Broca,1,RP,12,0,8,12,6,0,1,0,8,7,1,9,1,0.25,36,0.378,0.306,0.684,0,0,,1,191,3.48,10.1,2,0,0,0,2,0,4,1.55,45,31,12,0,0,109,0.57,1,0,0,0,11,0.67,1.0,18.48,0,1.14,6.97,6.1,7.84,5.23,0.0,9,3,0,0,1,GSV,0
2024,5482,Algodoneros de Guasave,656839,Jorge Perez,1,SP,7,7,36,50,14,5,0,1,16,9,0,38,2,0.284,134,0.329,0.343,0.672,2,2,50.0,1,542,3.53,35.2,2,4,0,0,0,0,14,1.32,151,107,7,0,0,353,0.65,2,0,0,1,46,0.72,0.333,15.2,0,1.78,4.04,2.27,9.59,3.53,0.25,0,0,0,2,4,GSV,4
2024,5482,Algodoneros de Guasave,676190,Carlos Morales,1,RP,13,0,16,14,6,2,0,3,12,10,0,10,0,0.196,51,0.328,0.412,0.74,0,0,,1,284,3.77,14.1,1,0,0,0,4,0,6,1.4,62,43,13,0,0,166,0.58,0,0,0,0,21,1.14,1.0,19.81,1,1.2,7.53,6.28,6.28,3.77,1.88,6,1,0,1,0,GSV,0
2024,5482,Algodoneros de Guasave,667050,Grant Gavin,1,SP,7,7,35,33,17,7,1,2,29,11,0,27,1,0.225,120,0.293,0.35,0.643,0,2,100.0,4,545,4.01,33.2,3,3,0,0,0,0,15,1.13,136,101,7,0,0,332,0.61,1,0,1,1,42,1.06,0.5,16.19,0,2.64,7.75,2.94,7.22,4.54,0.53,0,0,0,3,1,GSV,2
2024,5482,Algodoneros de Guasave,622742,Rafael Cordova,1,RP,17,0,9,14,6,2,0,2,16,2,1,8,2,0.174,46,0.24,0.348,0.588,0,0,,0,195,4.05,13.1,2,1,0,0,6,0,6,0.75,51,40,17,0,0,139,0.71,2,0,1,1,16,0.64,0.667,14.63,4,8.0,10.8,1.35,5.4,4.05,1.35,9,0,0,1,0,GSV,0
2024,5482,Algodoneros de Guasave,691678,Vidal Sotelo,1,SP,6,6,21,29,13,4,1,2,14,15,0,23,3,0.274,84,0.398,0.417,0.815,3,1,25.0,5,415,4.44,24.1,1,1,0,0,0,0,12,1.56,105,73,6,0,0,239,0.58,3,0,1,1,35,0.72,0.5,17.05,0,0.93,5.18,5.55,8.51,4.81,0.74,0,0,0,2,1,GSV,0
2024,5482,Algodoneros de Guasave,826183,Ian Medina,1,RP,4,0,1,2,1,0,0,0,2,2,0,0,0,0.0,5,0.286,0.0,0.286,0,1,100.0,0,29,5.4,1.2,0,0,0,0,0,0,1,1.2,7,5,4,0,0,13,0.45,0,0,1,0,0,0.5,,17.4,0,1.0,10.8,10.8,0.0,5.4,0.0,6,0,0,0,0,GSV,0
2024,5482,Algodoneros de Guasave,703721,Ivan Izaguirre,1,RP,10,0,17,12,9,5,0,3,9,6,0,14,1,0.286,49,0.375,0.571,0.946,0,1,100.0,2,231,6.23,13.0,0,1,0,0,0,0,9,1.54,59,39,10,0,0,140,0.61,1,0,0,0,28,1.42,0.0,17.77,2,1.5,6.23,4.15,9.69,6.23,2.08,15,7,0,3,0,GSV,0
2024,5482,Algodoneros de Guasave,622739,Ariel Gracia,1,SP,5,5,12,15,10,7,1,0,9,7,0,20,0,0.364,55,0.429,0.527,0.956,1,0,0.0,0,255,6.75,13.1,0,1,0,0,0,0,10,2.03,63,40,5,0,0,153,0.6,0,0,0,0,29,0.8,0.0,19.13,0,1.29,6.08,4.73,13.5,6.75,0.0,0,0,0,0,1,GSV,0
2024,5482,Algodoneros de Guasave,675546,Jesus Huerta,1,"SP, RP",7,1,9,15,10,5,0,3,8,7,0,15,0,0.326,46,0.407,0.63,1.037,0,2,100.0,1,216,7.59,10.2,0,1,0,1,0,1,9,2.06,54,32,7,0,0,131,0.61,0,0,1,0,29,0.6,0.0,20.25,1,1.14,6.75,5.91,12.66,8.44,2.53,3,0,0,0,1,GSV,0
2024,5482,Algodoneros de Guasave,664039,Geno Encina,1,"SP, RP",3,1,8,5,6,1,1,0,0,5,0,9,0,0.409,22,0.519,0.545,1.064,1,0,0.0,2,114,10.13,5.1,0,1,0,0,1,0,6,2.63,27,16,3,0,0,63,0.55,0,0,0,1,12,1.6,0.0,21.38,1,0.0,0.0,8.44,15.19,10.13,0.0,0,0,0,0,0,GSV,0
2024,5482,Algodoneros de Guasave,691714,Kevin Ribon,1,RP,3,0,5,1,7,0,0,0,2,1,0,7,1,0.5,14,0.529,0.5,1.029,0,0,,0,72,11.57,2.1,0,0,0,0,0,0,3,3.43,17,7,3,0,0,43,0.6,1,0,2,0,7,5.0,,30.86,1,2.0,7.71,3.86,27.0,27.0,0.0,2,0,0,0,1,GSV,0
2024,5482,Algodoneros de Guasave,676019,Oscar Rojas,1,RP,1,0,0,1,2,0,0,0,1,2,0,2,0,0.667,3,0.667,0.667,1.334,0,0,,0,29,27.0,0.2,0,0,0,0,0,0,2,6.0,6,2,1,0,0,15,0.52,0,0,0,0,2,0.0,,43.5,0,0.5,13.5,27.0,27.0,27.0,0.0,0,0,0,0,1,GSV,0
2024,5483,Sultanes de Monterrey,804933,Angel Garza,1,RP,1,0,2,1,0,0,0,0,0,0,0,0,0,0.0,3,0.0,0.0,0.0,0,0,,0,9,0.0,1.0,0,0,0,0,0,0,0,0.0,3,3,1,0,0,5,0.56,0,0,0,0,0,2.0,,9.0,1,,0.0,0.0,0.0,0.0,0.0,0,0,0,0,0,MTY,0
2024,5483,Sultanes de Monterrey,592889,Ernesto Zaragoza,1,RP,1,0,2,0,0,0,0,0,0,1,0,0,0,0.0,2,0.333,0.0,0.333,0,1,100.0,0,16,0.0,0.2,0,0,0,0,0,0,0,1.5,3,2,1,0,0,8,0.5,0,0,0,0,0,2.0,,24.0,0,0.0,0.0,13.5,0.0,0.0,0.0,1,0,0,0,0,MTY,0
2024,5483,Sultanes de Monterrey,676666,Matt Turner,1,RP,17,0,20,11,7,1,0,1,21,5,1,14,0,0.222,63,0.275,0.286,0.561,2,0,0.0,0,289,1.53,17.2,3,1,3,5,3,2,3,1.08,71,53,17,0,0,187,0.65,0,0,2,0,18,1.82,0.75,16.36,9,4.2,10.7,2.55,7.13,3.57,0.51,9,3,0,2,1,MTY,0
2024,5483,Sultanes de Monterrey,667712,Austin Hansen,1,RP,6,0,6,7,3,0,0,0,4,3,1,4,2,0.2,20,0.346,0.2,0.546,0,2,100.0,1,99,1.69,5.1,1,1,0,1,1,1,1,1.31,26,16,6,0,0,57,0.58,2,0,0,0,4,0.86,0.5,18.56,2,1.33,6.75,5.06,6.75,5.06,0.0,3,0,0,0,1,MTY,0
2024,5483,Sultanes de Monterrey,669105,Zach Muckenhirn,1,SP,7,7,42,41,11,1,1,1,31,15,0,27,0,0.193,140,0.269,0.236,0.505,2,12,85.7,1,582,2.09,38.2,4,1,0,0,0,0,9,1.09,156,116,7,0,0,375,0.64,0,0,1,1,33,1.02,0.8,15.05,0,2.07,7.22,3.49,6.28,2.56,0.23,0,0,0,0,1,MTY,4
2024,5483,Sultanes de Monterrey,532893,Ivan Salas,1,RP,19,0,10,6,2,4,0,0,4,5,0,8,1,0.333,24,0.452,0.5,0.952,1,1,50.0,1,118,2.45,7.1,0,0,0,0,3,0,2,1.77,34,22,19,0,0,67,0.57,1,0,0,0,12,1.67,,16.09,0,0.8,4.91,6.14,9.82,2.45,0.0,19,5,0,3,1,MTY,0
2024,5483,Sultanes de Monterrey,805678,Joe Riley,1,RP,6,0,4,10,3,2,0,0,7,4,0,3,0,0.143,21,0.269,0.238,0.507,0,0,,0,122,2.57,7.0,0,0,2,3,0,1,2,1.0,28,21,6,0,0,79,0.65,0,0,0,0,5,0.4,,17.43,3,1.75,9.0,5.14,3.86,3.86,0.0,0,0,0,2,1,MTY,0
2024,5483,Sultanes de Monterrey,678712,Mario Garcia,1,"SP, RP",9,2,21,21,6,2,0,1,18,1,0,16,1,0.211,76,0.231,0.276,0.507,0,3,100.0,1,298,2.66,20.1,0,1,0,0,0,0,6,0.84,78,61,9,0,0,186,0.62,1,0,0,0,21,1.0,0.0,14.66,1,18.0,7.97,0.44,7.08,2.66,0.44,8,1,0,0,0,MTY,0
2024,5483,Sultanes de Monterrey,642590,Francisco Rios,1,RP,10,0,13,8,3,1,0,0,4,9,2,6,0,0.2,30,0.385,0.233,0.618,1,3,75.0,1,146,3.0,9.0,1,1,0,0,1,0,3,1.67,40,27,10,0,0,73,0.5,0,0,0,0,7,1.63,0.5,16.22,1,0.44,4.0,9.0,6.0,3.0,0.0,8,3,0,1,0,MTY,0
2024,5483,Sultanes de Monterrey,666015,Francisco Villegas,1,RP,7,0,3,3,1,1,0,0,2,0,0,4,0,0.364,11,0.333,0.455,0.788,0,0,,1,49,3.0,3.0,0,0,0,0,1,0,1,1.33,12,9,7,0,0,31,0.63,0,0,1,0,5,1.0,,16.33,1,,6.0,0.0,12.0,3.0,0.0,11,4,0,0,1,MTY,0
2024,5483,Sultanes de Monterrey,660995,Nathanael Santiago,1,RP,11,0,6,4,3,2,0,1,7,7,1,10,0,0.385,26,0.515,0.577,1.092,0,0,,1,130,3.18,5.2,0,0,0,0,1,0,2,3.0,34,17,11,0,0,71,0.55,0,0,1,0,15,1.5,,22.94,1,1.0,11.12,11.12,15.88,4.76,1.59,5,4,0,1,0,MTY,0
2024,5483,Sultanes de Monterrey,664475,Edgar Torres,1,SP,7,7,42,48,18,11,2,1,23,13,0,38,1,0.255,149,0.317,0.376,0.693,5,5,50.0,1,571,3.2,39.1,0,4,0,0,0,0,14,1.3,166,118,7,0,0,362,0.63,1,0,0,2,56,0.88,0.0,14.52,0,1.77,5.26,2.97,8.69,4.12,0.23,0,0,1,1,1,MTY,2
2024,5483,Sultanes de Monterrey,700063,Alexis Vera,1,RP,11,0,21,12,6,1,1,1,6,8,0,15,1,0.3,50,0.393,0.42,0.813,0,0,,2,213,3.38,13.1,0,1,1,1,0,0,5,1.73,63,40,11,0,0,120,0.56,1,0,0,0,21,1.75,0.0,15.98,6,0.75,4.05,5.4,10.13,4.05,0.67,8,4,0,2,2,MTY,0
2024,5483,Sultanes de Monterrey,679338,Bryan Warzek,1,RP,3,0,3,1,1,0,0,0,4,3,0,3,0,0.273,11,0.429,0.273,0.702,0,1,100.0,0,52,3.38,2.2,0,0,1,1,1,0,1,2.25,14,8,3,0,0,33,0.63,0,0,0,0,3,3.0,,19.5,2,1.33,13.5,10.13,10.13,3.38,0.0,0,0,0,0,0,MTY,0
2024,5483,Sultanes de Monterrey,666627,Faustino Carrera,1,SP,8,8,26,60,21,4,0,5,34,13,0,41,3,0.255,161,0.322,0.373,0.695,4,1,20.0,3,686,4.01,42.2,1,3,0,0,0,0,19,1.27,177,128,8,0,0,437,0.64,3,0,2,1,60,0.43,0.25,16.08,0,2.62,7.17,2.74,8.65,4.43,1.05,0,0,0,0,0,MTY,2
2024,5483,Sultanes de Monterrey,676084,Noah Bremer,1,SP,4,4,21,17,9,1,0,0,11,5,0,20,1,0.299,67,0.351,0.313,0.664,1,2,66.7,4,269,4.08,17.2,2,1,0,0,0,0,8,1.42,75,53,4,0,0,174,0.65,1,0,1,2,21,1.24,0.667,15.23,0,2.2,5.6,2.55,10.19,4.58,0.0,0,0,0,1,1,MTY,1
2024,5483,Sultanes de Monterrey,692401,Juan Salas,1,SP,7,7,16,24,13,7,0,2,34,15,1,28,0,0.277,101,0.368,0.406,0.774,1,2,66.7,3,499,4.44,26.1,0,5,0,0,0,0,13,1.63,117,79,7,0,0,320,0.64,0,0,2,0,41,0.67,0.0,18.95,0,2.27,11.62,5.13,9.57,4.44,0.68,0,0,0,0,1,MTY,0
2024,5483,Sultanes de Monterrey,701013,Ricardo Chapa,1,RP,6,0,12,6,4,0,0,0,4,3,0,9,2,0.29,31,0.389,0.29,0.679,1,2,66.7,1,126,4.5,8.0,0,0,0,0,0,0,4,1.5,36,24,6,0,0,72,0.57,2,1,0,0,9,2.0,,15.75,0,1.33,4.5,3.38,10.13,4.5,0.0,3,1,0,0,0,MTY,0
2024,5483,Sultanes de Monterrey,622661,Dallas Martinez,1,RP,1,0,1,3,1,1,0,0,1,2,1,2,0,0.286,7,0.444,0.429,0.873,1,0,0.0,0,32,4.5,2.0,0,1,0,0,0,0,1,2.0,9,6,1,0,0,18,0.56,0,0,0,0,3,0.33,0.0,16.0,0,0.5,4.5,9.0,9.0,4.5,0.0,0,0,0,0,0,MTY,0
2024,5483,Sultanes de Monterrey,661149,Cristian Castillo,1,"SP, RP",2,1,6,4,2,1,0,0,0,3,0,3,0,0.231,13,0.375,0.308,0.683,1,0,0.0,0,67,4.91,3.2,0,0,0,0,0,0,2,1.64,16,11,2,0,0,39,0.58,0,0,0,0,4,1.5,,18.27,0,0.0,0.0,7.36,7.36,4.91,0.0,0,0,0,0,0,MTY,0
2024,5483,Sultanes de Monterrey,682961,Mario Perez,1,RP,13,0,14,12,7,2,2,0,6,9,1,14,4,0.326,43,0.458,0.465,0.923,0,1,100.0,1,223,5.23,10.1,0,0,0,0,3,0,6,2.23,59,31,13,0,0,122,0.55,4,0,4,0,20,1.17,,21.58,3,0.67,5.23,7.84,12.19,6.1,0.0,6,3,0,0,3,MTY,0
2024,5483,Sultanes de Monterrey,553868,Norman Elenes,1,RP,19,0,26,12,16,4,1,1,9,15,3,18,2,0.29,62,0.443,0.435,0.878,2,3,60.0,1,277,6.61,16.1,0,1,0,1,8,1,12,2.02,82,49,19,0,0,156,0.56,2,0,0,0,27,2.17,0.0,16.96,1,0.6,4.96,8.27,9.92,8.82,0.55,7,0,0,3,0,MTY,0
2024,5483,Sultanes de Monterrey,691959,Nestor Anguamea,1,RP,17,0,12,12,14,7,0,2,5,9,1,15,1,0.357,42,0.481,0.667,1.148,1,0,0.0,2,204,6.97,10.1,0,3,0,1,3,1,8,2.32,54,31,17,0,0,108,0.53,1,0,0,0,28,1.0,0.0,19.74,3,0.56,4.35,7.84,13.06,12.19,1.74,13,5,0,2,0,MTY,0
2024,5483,Sultanes de Monterrey,686734,Arturo Roque,1,"SP, RP",6,1,9,16,8,4,0,3,3,6,0,13,0,0.317,41,0.404,0.634,1.038,0,5,100.0,0,216,7.71,9.1,0,1,0,0,0,0,8,2.04,47,28,6,0,0,126,0.58,0,0,0,0,26,0.56,0.0,23.14,0,0.5,2.89,5.79,12.54,7.71,2.89,4,2,0,0,0,MTY,0
2024,5483,Sultanes de Monterrey,650204,Norge Ruiz,1,"SP, RP",3,1,5,4,5,0,0,0,5,5,1,8,1,0.4,20,0.519,0.4,0.919,0,1,100.0,1,122,8.44,5.1,0,1,0,0,0,0,5,2.44,28,16,3,0,0,75,0.61,1,0,0,0,8,1.25,0.0,22.88,2,1.0,8.44,8.44,13.5,8.44,0.0,0,0,0,1,1,MTY,0
2024,5483,Sultanes de Monterrey,691388,Jonas Garibay,1,RP,1,0,1,1,1,1,0,0,1,0,0,2,0,0.4,5,0.4,0.6,1.0,0,0,,0,11,9.0,1.0,0,0,0,0,0,0,1,2.0,5,3,1,0,0,7,0.64,0,0,0,0,3,1.0,,11.0,0,,9.0,0.0,18.0,9.0,0.0,0,0,0,0,0,MTY,0
2024,5483,Sultanes de Monterrey,802392,Carlos Medina,X,X,3,0,3,2,6,2,0,0,4,2,0,5,0,0.357,14,0.438,0.5,0.938,0,0,,0,68,10.13,2.2,0,0,0,0,0,0,3,2.63,16,8,3,0,0,45,0.66,0,0,1,0,7,1.5,,25.5,1,2.0,13.5,6.75,16.88,20.25,0.0,0,0,0,0,0,MTY,0
2024,5483,Sultanes de Monterrey,660610,Carlos De Leon,2,C,1,0,1,3,2,1,0,1,0,0,0,3,0,0.429,7,0.429,1.0,1.429,0,0,,0,21,10.8,1.2,0,0,0,0,0,0,2,1.8,7,5,1,0,0,16,0.76,0,0,0,0,7,0.33,,12.6,1,,0.0,0.0,16.2,10.8,5.4,3,0,0,0,0,MTY,0
