season,Name,player_id,team,POS,G,GPitched,IP_corrected,HR,K,BB,HBP,ER,FIP,ERA,FB,FB_PO,FO,flyHits,popOuts,popHits,IP_nonzero,x_FIPFB,x_FIPFBPO
2024,Daniel Zazueta,802568,NAV,P,4,4,2.0,0,3,0,0,2,-0.1668750000000001,9.0,0,0,0,0,0,0,2.0,-0.1668750000000001,-0.1668750000000001
2024,Gabriel Ponce,676362,MXC,P,5,5,8.0,0,12,2,0,0,0.5831249999999999,0.0,4,5,3,1,1,0,8.0,1.3134620786516853,1.833125
2024,Victor Garcia,806625,MOC,P,1,1,1.0,0,1,0,0,0,0.8331249999999999,0.0,1,1,1,0,0,0,1.0,2.2937991573033707,2.833125
2024,Oscar Rojas,676019,MAZ,P,1,1,1.0,0,1,0,0,0,0.8331249999999999,0.0,0,0,0,0,0,0,1.0,0.8331249999999999,0.8331249999999999
2024,Jonas Garibay,691388,MTY,P,1,1,1.0,0,1,0,0,1,0.8331249999999999,9.0,1,1,1,0,0,0,1.0,2.2937991573033707,2.833125
2024,Alejandro Morales,802581,JAL,P,3,3,3.0,0,4,1,0,0,1.1664583333333332,0.0,2,4,2,0,2,0,3.0,2.1402411048689136,3.833125
2024,Stephen Nogosek,668665,CUL,P,17,17,18.0,0,21,3,1,0,1.1664583333333332,0.0,12,18,11,1,6,0,18.0,2.1402411048689136,3.1664583333333334
2024,Marco Fregozo,803197,MOC,P,2,2,1.3333333333333333,0,1,0,0,0,1.333125,0.0,1,1,1,0,0,0,1.3333333333333333,2.428630617977528,2.833125
2024,Dallas Martinez,622661,OBR,P,2,2,1.3333333333333333,0,1,0,0,0,1.333125,0.0,1,1,1,0,0,0,1.3333333333333333,2.428630617977528,2.833125
2024,Luis Gastelum,703725,MOC,P,18,18,19.0,1,28,4,1,3,1.3594407894736842,1.4210526315789473,7,10,6,1,2,1,19.0,1.2133733737433472,1.727861842105263
2024,Jesus Cruz,672911,MXC,P,16,16,16.0,0,25,8,1,3,1.395625,1.6875,11,18,10,1,7,0,16.0,2.399838483146067,3.645625
2024,Trevor Clifton,641461,JAL,P,12,12,12.666666666666666,0,15,4,0,1,1.4120723684210525,0.7105263157894738,8,10,6,2,2,0,12.666666666666666,2.3346034151389707,2.991019736842105
2024,Peyton Gray,682608,GSV,P,11,11,10.0,0,13,4,0,1,1.433125,0.9,4,5,4,0,1,0,10.0,2.0173946629213484,2.433125
2024,Tayron Guerrero,594027,HER,P,8,8,9.666666666666666,0,14,3,2,2,1.4882974137931033,1.8620689655172415,9,9,6,3,0,0,9.666666666666666,2.848235422316931,3.3503663793103446
2024,Francisco Villegas,666015,MTY,P,7,7,3.0,0,2,0,0,1,1.4997916666666666,3.0,1,2,1,0,1,0,3.0,1.986683052434457,2.833125
2024,Adrian Gusman,616617,JAL,P,13,13,13.333333333333334,0,10,1,0,0,1.558125,0.0,7,9,6,1,2,0,13.333333333333334,2.3249789325842696,2.908125
2024,Fabian Anguamea,642856,GSV,P,16,16,17.0,0,19,5,1,3,1.6566544117647057,1.5882352941176472,11,12,9,2,1,0,17.0,2.60179651354924,3.0684191176470588
2024,Jake Sanchez,644425,MXC,P,18,18,17.333333333333332,0,19,6,0,3,1.679278846153846,1.557692307692308,11,18,9,2,6,1,17.333333333333332,2.6062451382886773,3.7562019230769232
2024,Carlos Martinez,593372,OBR,P,2,2,9.666666666666666,0,10,3,0,6,1.6951939655172412,5.586206896551724,9,13,3,6,4,0,9.666666666666666,3.055131974041069,4.384849137931035
2024,Ricky Karcher,676689,HER,P,18,18,21.666666666666668,0,30,11,1,4,1.7254326923076924,1.6615384615384614,6,11,5,1,5,0,21.666666666666668,2.129927074330164,2.7408173076923075
2024,Lupe Chavez,660826,MOC,P,11,11,20.666666666666668,0,20,5,1,5,1.7686088709677419,2.1774193548387095,12,21,10,2,8,1,20.666666666666668,2.6167422526277635,3.800866935483871
2024,Mario Garcia,678712,MTY,P,8,8,15.333333333333334,0,11,1,1,5,1.7896467391304347,2.9347826086956523,8,14,7,1,6,0,15.333333333333334,2.5517376038104542,3.6157336956521737
2024,Fernando Sanchez,685719,OBR,P,3,3,10.0,0,8,0,2,0,1.833125,0.0,6,9,6,0,3,0,10.0,2.7095294943820223,3.6331249999999997
2024,Jared Wilson,623441,JAL,P,3,3,3.3333333333333335,0,3,1,0,1,1.933125,2.6999999999999997,3,3,3,0,0,0,3.3333333333333335,3.2477317415730336,3.733125
2024,Juan Robles,660850,OBR,P,16,16,13.333333333333334,0,13,4,1,2,2.0081249999999997,1.3499999999999999,13,14,11,2,1,0,13.333333333333334,3.4322823033707865,4.108124999999999
2024,Matt Turner,676666,MTY,P,17,17,17.666666666666668,1,21,5,0,3,2.040672169811321,1.5283018867924527,8,11,6,2,3,0,17.666666666666668,1.96626046745813,2.5501061320754714
2024,Clayton Andrews,677076,MXC,P,12,12,9.0,0,11,4,1,5,2.055347222222222,5.0,3,5,2,1,2,0,9.0,2.5422386079900123,3.1664583333333334
2024,Carlos Medina,802392,MTY,X,3,3,2.6666666666666665,0,4,2,0,3,2.083125,10.125,0,1,0,0,1,0,2.6666666666666665,2.083125,2.833125
2024,Irving Machuca,685829,MOC,P,18,18,18.333333333333332,1,25,6,2,4,2.124034090909091,1.9636363636363638,12,19,8,4,7,0,18.333333333333332,2.371020812053115,3.487670454545454
2024,Fernando Burgueno,683114,MAZ,P,4,4,4.333333333333333,0,3,1,0,2,2.1408173076923074,4.153846153846154,6,9,3,3,3,0,4.333333333333333,4.163289217804667,6.294663461538462
2024,Mario Meza,616405,JAL,P,18,18,17.666666666666668,1,20,5,0,3,2.153879716981132,1.5283018867924527,14,20,10,4,6,0,17.666666666666668,2.575546030315879,3.682181603773585
2024,Adrián Martínez,661309,MXC,P,4,4,16.333333333333332,0,13,4,1,9,2.1596556122448978,4.959183673469388,9,13,6,3,4,0,16.333333333333332,2.964516882595735,3.7514923469387753
2024,David Reyes,547862,MXC,P,8,8,47.666666666666664,1,36,6,3,12,2.1617963286713286,2.265734265734266,36,53,32,4,17,0,47.666666666666664,2.992235552368979,4.11284527972028
2024,Luis Aguayo,827653,CUL,P,4,4,4.666666666666667,0,6,3,0,1,2.190267857142857,1.9285714285714284,2,3,1,1,1,0,4.666666666666667,2.8162710674157303,3.4759821428571427
2024,Carlos Machorro,660420,CUL,P,6,6,4.666666666666667,0,6,3,0,5,2.190267857142857,9.642857142857142,3,3,2,1,0,0,4.666666666666667,3.1292726725521667,3.4759821428571427
2024,Eli Villalobos,681871,MXC,P,20,20,15.0,0,12,5,0,4,2.233125,2.4,10,16,9,1,6,0,15.0,3.2069077715355805,4.366458333333333
2024,Axel Sauceda,806317,CUL,P,5,5,5.0,0,3,1,0,2,2.233125,3.6,7,10,6,1,3,0,5.0,4.2780688202247195,6.233124999999999
2024,Taiga Kamichatani,829359,GSV,P,3,3,16.666666666666668,1,17,4,0,1,2.293125,0.54,12,13,8,4,1,0,16.666666666666668,2.5648103932584267,3.073125
2024,Damian Mendoza,677604,NAV,P,9,9,28.333333333333332,1,29,9,1,7,2.3037132352941176,2.223529411764706,11,13,9,2,2,0,28.333333333333332,2.411974966953073,2.762536764705882
2024,Irving Medina,691376,MAZ,P,2,2,2.0,0,2,1,0,0,2.333125,0.0,1,2,1,0,1,0,2.0,3.0634620786516855,4.333125
2024,Adolfo Ramirez,672666,MAZ,P,8,8,8.333333333333334,0,8,4,0,1,2.353125,1.08,2,6,1,1,4,0,8.333333333333334,2.703686797752809,3.793125
2024,Norge Ruiz,650204,MTY,P,2,2,4.333333333333333,0,4,2,0,4,2.371586538461538,8.307692307692308,3,4,3,0,1,0,4.333333333333333,3.3828224935177182,4.217740384615385
2024,Edwin Fierro,616623,OBR,P,17,17,17.666666666666668,0,7,1,1,2,2.3802948113207547,1.0188679245283019,14,18,11,3,4,0,17.666666666666668,3.5378101812592746,4.418030660377358
2024,Orlando Lara,455359,OBR,P,3,3,12.333333333333334,1,12,1,1,3,2.4277195945945946,2.189189189189189,8,13,5,3,5,0,12.333333333333334,2.321129858791376,3.4817736486486486
2024,Eduardo Vera,622747,MXC,P,7,7,37.0,3,40,8,1,13,2.4547466216216214,3.1621621621621623,20,25,19,1,5,0,37.0,2.19024616610993,2.7520439189189188
2024,Caleb Smith,592761,NAV,P,4,4,16.333333333333332,0,21,10,2,8,2.4657780612244897,4.408163265306123,7,13,4,3,6,0,16.333333333333332,3.091781271497363,4.057614795918367
2024,Denny Roman,680653,NAV,P,14,14,8.333333333333334,0,9,5,0,8,2.473125,8.64,8,10,6,2,2,0,8.333333333333334,3.8753721910112358,4.873125
2024,Ozzie Mendez,510552,HER,P,13,13,8.333333333333334,0,6,3,0,2,2.473125,2.16,10,12,7,3,2,0,8.333333333333334,4.225933988764044,5.353125
2024,Patricio Ress,691928,MXC,P,6,6,5.666666666666667,0,4,2,0,2,2.4801838235294116,3.176470588235294,5,5,3,2,0,0,5.666666666666667,3.769013962326503,4.244889705882352
2024,Fabian Cota,601978,MOC,P,18,18,17.333333333333332,0,12,5,1,0,2.4869711538461536,0.0,14,18,11,3,4,0,17.333333333333332,3.6667464347450305,4.563894230769231
2024,Trevor Kuncl,805321,MXC,P,13,13,12.0,1,16,5,0,5,2.4997916666666664,3.75,7,10,6,1,3,0,12.0,2.2685182584269663,3.083125
2024,Jeff Ibarra,572943,GSV,P,10,10,6.333333333333333,0,7,3,1,1,2.5173355263157893,1.4210526315789476,8,9,6,2,1,0,6.333333333333333,4.3623976197516265,5.359440789473684
2024,Jose Isidro Marquez,667904,MXC,P,16,16,14.0,0,17,8,2,4,2.5474107142857143,2.571428571428571,5,8,4,1,3,0,14.0,3.069080056179775,3.690267857142857
2024,Joe Riley,805678,MTY,P,6,6,7.0,0,7,4,0,2,2.5474107142857143,2.571428571428571,6,10,5,1,4,0,7.0,3.7994171348314607,5.404553571428572
2024,Robert Stock,476594,HER,P,8,8,50.333333333333336,2,47,15,3,9,2.5549793046357614,1.609271523178808,38,46,33,5,8,0,50.333333333333336,3.1411836353151275,3.866237582781457
2024,Nolan Kingham,663884,MAZ,P,8,8,48.0,1,36,13,3,13,2.6039583333333334,2.4375,33,39,25,8,6,0,48.0,3.337338483146067,3.958125
2024,Noah Bremer,676084,MTY,P,4,4,17.666666666666668,0,11,5,1,8,2.6067099056603773,4.0754716981132075,11,15,11,0,4,0,17.666666666666668,3.5161862677549287,4.304823113207547
2024,Alan Rangel,660604,HER,P,7,7,32.0,1,26,10,1,12,2.645625,3.375,28,42,22,6,13,1,32.0,3.5174648876404495,4.864375
2024,Jose Samayoa,643518,HER,P,7,7,35.0,1,32,13,2,12,2.6616964285714286,3.085714285714286,28,42,23,5,13,1,35.0,3.458807182985554,4.690267857142857
2024,Luis Miranda,642532,MOC,P,5,5,31.0,1,19,4,3,9,2.704092741935484,2.612903225806452,25,35,21,4,10,0,31.0,3.46270093330917,4.542802419354839
2024,Alejandro Soto,465038,MAZ,P,11,11,9.333333333333334,0,8,3,2,0,2.7259821428571427,0.0,12,14,10,2,2,0,9.333333333333334,4.603991773675762,5.725982142857143
2024,Zach Muckenhirn,669105,MTY,P,7,7,38.666666666666664,1,31,15,0,9,2.729676724137931,2.094827586206897,28,40,24,4,12,0,38.666666666666664,3.4511993897714066,4.462435344827586
2024,Efrain Contreras,678713,CUL,P,13,13,10.333333333333334,1,16,5,1,4,2.736350806451613,3.4838709677419355,9,10,7,2,1,0,10.333333333333334,2.7504863628126133,3.4137701612903224
2024,Esteban Haro,477462,NAV,P,15,15,12.0,0,5,3,0,6,2.7497916666666664,4.5,10,16,10,0,6,0,12.0,3.9670201310861417,5.416458333333333
2024,Daniel Cruz,690909,MXC,P,12,12,13.0,1,13,4,0,5,2.756201923076923,3.4615384615384617,7,9,6,1,1,1,13.0,2.542718777009507,3.1408173076923074
2024,Manny Bañuelos,544365,CUL,P,3,3,15.333333333333334,0,14,9,0,4,2.767907608695652,2.3478260869565215,12,17,10,2,5,0,15.333333333333334,3.9110439057156814,4.9852989130434775
2024,Carl Edwards Jr.,605218,OBR,P,4,4,23.0,1,16,6,0,1,2.7896467391304345,0.3913043478260869,15,28,14,1,13,0,23.0,3.1770429286761113,4.659211956521739
2024,Miguel Aguilar,620396,JAL,P,14,14,10.666666666666666,1,11,3,0,5,2.833125,4.21875,6,6,4,2,0,0,10.666666666666666,2.436004213483146,2.739375
2024,Luis Angel Rodriguez,678296,JAL,P,2,2,2.3333333333333335,0,3,2,0,2,2.833125,7.7142857142857135,1,2,0,1,1,0,2.3333333333333335,3.459128210272873,4.547410714285714
2024,Augusto Mendieta,800078,HER,P,6,6,9.333333333333334,0,9,5,1,4,2.833125,3.8571428571428568,4,5,4,0,1,0,9.333333333333334,3.459128210272873,3.904553571428571
2024,Elkin Alcala,666669,MAZ,P,1,1,1.0,0,0,0,0,0,2.833125,0.0,1,3,1,0,1,1,1.0,4.29379915730337,8.833124999999999
2024,Felipe Gonzalez,542413,OBR,P,20,20,18.666666666666668,0,21,13,1,7,2.833125,3.375,11,17,7,4,6,0,18.666666666666668,3.6938794141252003,4.654553571428571
2024,Yuhi Sako,807848,OBR,P,1,1,2.0,0,0,0,0,1,2.833125,4.5,2,3,2,0,1,0,2.0,4.29379915730337,5.833125
2024,Angel Garza,804933,MTY,P,1,1,1.0,0,0,0,0,0,2.833125,0.0,1,1,1,0,0,0,1.0,4.29379915730337,4.833125
2024,Bryan Warzek,679338,MTY,P,2,2,1.6666666666666665,0,3,2,0,1,2.833125,5.4,0,0,0,0,0,0,1.6666666666666665,2.833125,2.833125
2024,Daniel De La Fuente,675880,OBR,P,10,10,19.0,1,18,8,0,1,2.8857565789473685,0.47368421052631576,12,20,10,2,8,0,19.0,3.1240770993494973,4.306809210526316
2024,Pablo Tellez,701063,MAZ,P,7,7,31.333333333333332,2,27,8,2,13,2.8969547872340424,3.734042553191489,22,32,18,4,10,0,31.333333333333332,3.0927472806598133,4.1097207446808515
2024,Raul Barron,502515,HER,P,13,13,11.666666666666666,0,7,5,0,4,2.9188392857142857,3.085714285714286,6,12,3,3,6,0,11.666666666666666,3.6700431380417333,4.975982142857143
2024,Demetrio Gutierrez,540988,MAZ,P,15,15,11.666666666666666,0,10,5,2,2,2.9188392857142857,1.542857142857143,11,16,10,1,5,0,11.666666666666666,4.296046348314606,5.661696428571428
2024,Juan Salas,692401,MTY,P,7,7,26.333333333333332,2,34,15,0,13,2.9470490506329114,4.443037974683545,20,26,16,4,6,0,26.333333333333332,3.0690800561797746,3.93439082278481
2024,Grant Gavin,667050,GSV,P,7,7,33.666666666666664,2,29,11,1,15,2.951936881188119,4.00990099009901,21,31,16,5,10,0,33.666666666666664,3.090773236733786,4.021243811881188
2024,Thomas McIlraith,641852,HER,P,8,8,8.0,0,7,2,3,1,2.958125,1.125,10,13,10,0,2,1,8.0,4.7839676966292135,6.208125
2024,Dan Kubiuk,703655,GSV,P,16,16,16.0,2,18,3,1,3,2.958125,1.6875,10,12,8,2,2,0,16.0,2.2460463483146063,2.833125
2024,Raul Carrillo,585132,MAZ,P,5,5,24.666666666666668,1,18,8,1,5,2.995287162162162,1.8243243243243241,16,22,14,2,6,0,24.666666666666668,3.41572445338597,4.252043918918918
2024,Luis Cessa,570666,OBR,P,6,6,31.666666666666668,2,22,8,0,9,3.0225986842105264,2.557894736842105,28,40,22,6,11,1,31.666666666666668,3.4930895180366646,4.727861842105263
2024,Juan Gámez,670328,MOC,P,6,6,5.0,0,4,3,0,0,3.033125,0.0,2,4,2,0,2,0,5.0,3.6173946629213485,4.633125
2024,Dalton Rodriguez,631229,NAV,P,7,7,31.666666666666668,1,15,7,1,17,3.054177631578947,4.831578947368421,26,38,19,7,11,1,31.666666666666668,3.8429416765227673,5.043651315789473
2024,Ariel Gracia,622739,GSV,P,5,5,13.333333333333334,0,9,7,0,10,3.058125,6.75,8,14,6,2,6,0,13.333333333333334,3.934529494382023,5.158125
2024,Samuel Zazueta,650980,OBR,P,18,18,17.666666666666668,1,12,4,1,0,3.0595400943396225,0.0,11,23,10,1,12,0,17.666666666666668,3.2331673998304007,4.927464622641509
2024,Edgar Torres,664475,MTY,P,7,7,39.333333333333336,1,23,13,1,14,3.0619385593220336,3.2033898305084745,44,48,36,8,4,0,39.333333333333336,4.365404565796991,5.1721080508474575
2024,Tomas Solis,477584,MOC,P,15,15,8.666666666666666,0,2,2,0,0,3.0638942307692307,0.0,4,9,4,0,5,0,8.666666666666666,3.738051534140017,5.140817307692307
2024,Dario Gardea,677915,JAL,P,9,9,8.333333333333334,0,8,4,2,0,3.073125,0.0,5,8,4,1,3,0,8.333333333333334,3.9495294943820216,4.993124999999999
2024,Fernando Lozano,683138,MXC,P,7,7,38.666666666666664,2,29,13,1,12,3.0917456896551725,2.793103448275862,29,36,25,4,7,0,38.666666666666664,3.5148375145292525,4.281400862068965
2024,Miguel Vazquez,703722,MOC,P,17,17,14.666666666666666,0,10,7,1,9,3.105852272727273,5.5227272727272725,10,14,6,4,4,0,14.666666666666666,4.101766470888661,5.014943181818182
2024,Odrisamer Despaigne,628333,OBR,P,8,8,44.333333333333336,1,31,17,4,18,3.1489144736842105,3.6541353383458643,38,49,25,13,11,0,44.333333333333336,4.10768781152319,5.066207706766917
2024,Francisco Haro,662964,NAV,P,16,16,18.0,1,17,5,4,4,3.1664583333333334,2.0,11,15,8,3,4,0,18.0,3.3368703183520596,4.110902777777778
2024,Jose Luis Reyes,692271,MXC,P,4,4,5.666666666666667,0,5,4,0,8,3.186066176470588,12.705882352941176,4,4,3,1,0,0,5.666666666666667,4.217130287508262,4.597830882352941
2024,Erick Casillas,667918,MAZ,P,20,20,16.333333333333332,0,15,9,3,8,3.20047193877551,4.408163265306123,14,18,11,3,4,0,16.333333333333332,4.4524783593212565,5.404553571428572
2024,Nick Struck,572177,MOC,P,8,8,23.666666666666668,1,17,10,0,9,3.213406690140845,3.4225352112676055,19,25,15,4,6,0,23.666666666666668,3.8367648164266495,4.776786971830986
2024,Omar Araujo,807586,MOC,P,6,6,26.666666666666668,1,22,13,1,8,3.245625,2.6999999999999997,19,27,17,2,8,0,26.666666666666668,3.7988553370786518,4.783125
2024,Anibal Cervantes,703716,HER,P,6,6,7.0,0,6,4,1,9,3.2616964285714283,11.571428571428573,4,7,4,0,3,0,7.0,4.096367375601926,5.261696428571428
2024,CD Pelham,641962,CUL,P,18,18,14.0,0,9,8,0,3,3.2616964285714283,1.9285714285714284,12,16,10,2,4,0,14.0,4.513702849117175,5.547410714285714
2024,Rafael Cordova,622742,GSV,P,17,17,13.333333333333334,2,16,2,2,6,3.283125,4.05,7,13,6,1,6,0,13.333333333333334,2.0999789325842695,3.283125
2024,Saul Vazquez,678410,OBR,P,6,6,17.333333333333332,0,11,8,2,2,3.2946634615384616,1.0384615384615385,13,20,12,1,7,0,17.333333333333332,4.39016907951599,5.602355769230769
2024,Jorge Perez,656839,GSV,P,6,6,30.0,1,13,7,2,14,3.2997916666666667,4.2,32,40,26,6,8,0,30.0,4.424510767790262,5.533125
2024,Carlos Tavera,679857,NAV,P,7,7,36.0,3,36,16,1,5,3.333125,1.25,29,46,23,6,16,1,36.0,3.4264458489388265,4.805347222222222
2024,Zach Willeman,657116,OBR,P,17,17,16.0,0,14,12,0,11,3.333125,6.1875,10,15,6,4,5,0,16.0,4.246046348314606,5.208125
2024,J.P. Woodward,694756,MAZ,P,21,21,19.333333333333332,0,16,12,2,8,3.3503663793103446,3.724137931034483,9,13,6,3,4,0,19.333333333333332,4.030335383572258,4.695193965517241
2024,Victor Buelna,684118,GSV,P,10,10,16.666666666666668,2,13,2,1,5,3.373125,2.6999999999999997,10,19,9,1,9,0,16.666666666666668,2.6895294943820223,4.093125
2024,A.J. Puckett,643494,HER,P,18,18,25.333333333333332,2,27,9,5,7,3.3857565789473685,2.486842105263158,10,15,7,3,5,0,25.333333333333332,2.936022693672383,3.5436513157894733
2024,Luis Payan,674478,JAL,P,7,7,34.0,3,28,9,3,14,3.3919485294117644,3.705882352941176,29,39,20,9,10,0,34.0,3.4907588400528753,4.5390073529411765
2024,Erick Preciado,692940,NAV,P,8,8,12.0,1,12,5,1,3,3.4164583333333334,2.25,13,15,11,2,2,0,12.0,3.915522003745318,4.833125
2024,Arturo Lopez,445995,OBR,P,6,6,28.666666666666668,1,13,9,1,11,3.4261482558139535,3.4534883720930227,37,41,32,5,4,0,28.666666666666668,4.857948621635746,5.833125
2024,Octavio Acosta,593594,NAV,P,7,7,28.333333333333332,1,16,12,0,17,3.433125,5.3999999999999995,24,34,22,2,10,0,28.333333333333332,4.211578403833443,5.374301470588236
2024,Darel Torres,665958,MOC,P,7,7,39.0,2,38,24,1,7,3.474150641025641,1.6153846153846154,31,49,29,2,18,0,39.0,3.968532663497551,5.320304487179487
2024,Wilmer Rios,658140,HER,P,5,5,23.333333333333332,1,9,5,2,11,3.518839285714286,4.242857142857143,18,26,14,4,8,0,23.333333333333332,4.0885022070626,5.190267857142857
2024,Ronald Medrano,642574,JAL,P,6,6,33.333333333333336,2,26,15,2,11,3.583125,2.9699999999999998,26,34,22,4,8,0,33.333333333333336,3.942450842696629,4.843125
2024,Jesus Broca,695871,GSV,P,12,12,10.333333333333334,0,8,7,1,4,3.607318548387097,3.4838709677419355,5,9,5,0,4,0,10.333333333333334,4.314096366437115,5.349254032258065
2024,Victor Castaneda,674810,CUL,P,6,6,38.666666666666664,3,24,12,1,9,3.6089870689655172,2.094827586206897,45,60,41,4,15,0,38.666666666666664,4.300288889965129,5.703814655172414
2024,Edwin Cervantes,800099,GSV,P,7,7,6.333333333333333,0,5,2,3,0,3.6225986842105264,0.0,3,5,3,0,2,0,6.333333333333333,4.314496969248965,5.2015460526315795
2024,Curtis Taylor,668954,HER,P,7,7,32.0,5,36,9,2,19,3.645625,5.34375,28,34,22,6,6,0,32.0,2.8924648876404495,3.739375
2024,Adrian Hernandez,681753,MOC,P,9,9,7.333333333333333,0,3,3,1,5,3.6513068181818182,6.136363636363637,3,6,3,0,2,1,7.333333333333333,4.248855337078652,5.287670454545454
2024,Luis Ivan Rodriguez,645179,JAL,P,7,7,37.666666666666664,5,33,7,4,13,3.6826825221238937,3.106194690265487,26,34,17,9,7,1,37.666666666666664,2.9652717634483445,3.7623285398230086
2024,Amilcar Gaxiola,554230,MAZ,P,4,4,4.666666666666667,0,1,0,2,3,3.690267857142857,5.785714285714285,3,6,1,2,3,0,4.666666666666667,4.629272672552167,6.261696428571428
2024,Kevin Ribon,691714,GSV,P,3,3,2.3333333333333335,0,2,1,1,3,3.690267857142857,11.57142857142857,1,1,0,1,0,0,2.3333333333333335,4.31627106741573,4.547410714285714
2024,Ricardo Chapa,701013,MTY,P,6,6,8.0,0,4,3,2,4,3.708125,4.5,6,7,5,1,1,0,8.0,4.803630617977528,5.458125
2024,Manny Barreda,518435,CUL,P,7,7,41.333333333333336,1,27,26,0,9,3.7282862903225804,1.9596774193548387,29,40,25,4,11,0,41.333333333333336,4.438597997462849,5.349254032258065
2024,David Gutierrez,664823,CUL,P,19,19,14.666666666666666,2,15,4,2,3,3.7876704545454545,1.840909090909091,8,12,4,4,4,0,14.666666666666666,2.811674540347293,3.6513068181818182
2024,Ronald Bolaños,671790,MOC,P,8,8,37.0,2,35,24,3,16,3.833125,3.891891891891892,21,31,17,4,10,0,37.0,3.959453575766778,4.806097972972973
2024,Javier Solano,542279,MAZ,P,8,8,43.0,4,24,13,0,20,3.833125,4.186046511627907,46,67,39,7,21,0,43.0,4.186404331068722,5.740101744186046
2024,Jose Bravo,670986,CUL,P,5,5,23.333333333333332,4,23,6,0,12,3.8616964285714284,4.628571428571429,18,20,14,4,2,0,23.333333333333332,2.7599307784911717,3.347410714285714
2024,Carlos Bustamante,619854,NAV,P,18,18,19.0,3,17,5,0,5,3.885756578947368,2.3684210526315788,17,26,11,6,9,0,19.0,3.140043982850384,4.569967105263158
2024,DJ Johnson,597113,MOC,P,7,7,5.333333333333333,0,3,2,2,5,3.958125,8.4375,1,1,1,0,0,0,5.333333333333333,4.232001404494382,4.333125
2024,Ruben Salinas,693730,OBR,CF,8,8,4.333333333333333,0,2,1,2,4,3.986971153846154,8.307692307692308,0,0,0,0,0,0,4.333333333333333,3.986971153846154,3.986971153846154
2024,Faustino Carrera,666627,MTY,P,7,7,36.666666666666664,4,27,12,3,18,4.005852272727273,4.418181818181819,29,46,24,5,17,0,36.666666666666664,3.7429309244126663,5.096761363636364
2024,Ian Medina,826183,GSV,P,4,4,1.6666666666666665,0,2,2,0,1,4.033125,5.4,1,2,1,0,1,0,1.6666666666666665,4.9095294943820225,6.433125
2024,Jorge Rodriguez,681659,HER,P,7,7,13.0,2,11,4,0,3,4.063894230769231,2.076923076923077,11,13,8,3,2,0,13.0,3.299849286949006,4.063894230769231
2024,Sasagi Sanchez,653252,CUL,P,19,19,18.666666666666668,3,14,4,0,4,4.065267857142857,1.9285714285714284,13,25,10,3,12,0,18.666666666666668,2.993237359550562,4.654553571428571
2024,Austin Hansen,667712,MTY,P,6,6,5.333333333333333,0,4,3,2,1,4.145625,1.6875,4,6,4,0,2,0,5.333333333333333,5.241130617977529,6.395625
2024,Fernando Salas,477569,HER,P,14,14,12.0,0,4,8,0,6,4.166458333333333,4.5,9,15,9,0,6,0,12.0,5.261963951310861,6.666458333333333
2024,Fernando Olguin,683124,CUL,P,13,13,15.0,2,12,3,3,3,4.166458333333333,1.8,9,17,8,1,8,0,15.0,3.3095294943820224,4.699791666666666
2024,Ivan Salas,532893,MTY,P,18,18,7.333333333333333,0,4,5,1,2,4.196761363636364,2.454545454545455,7,7,4,3,0,0,7.333333333333333,5.5910412410623085,6.105852272727272
2024,Victor Morales,802559,MAZ,P,12,12,8.0,1,10,6,0,3,4.208125,3.375,8,9,6,2,1,0,8.0,4.04379915730337,4.833125
2024,Ulises Lopez,666510,OBR,P,7,7,10.0,2,9,2,0,2,4.233124999999999,1.8,4,4,3,1,0,0,10.0,2.217394662921348,2.433125
2024,Charlie Hasty,820829,NAV,P,18,18,19.0,1,11,12,0,7,4.254177631578948,3.31578947368421,19,31,14,5,12,0,19.0,5.030641262566529,6.833125
2024,Antonio Garzon,511648,JAL,P,14,14,9.0,1,9,4,2,6,4.2775694444444445,6.0,10,11,6,4,1,0,9.0,4.456096285892634,5.2775694444444445
2024,Angel Lopez,810862,MXC,P,15,15,10.0,1,11,6,2,4,4.333125,3.6,7,7,5,2,0,0,10.0,4.05559691011236,4.433125
2024,Aldo Montes,594105,CUL,P,6,6,33.0,2,15,15,3,17,4.348276515151515,4.636363636363637,24,33,20,4,9,0,33.0,4.622706205311542,5.560397727272727
2024,Alemao Hernandez,672598,JAL,P,7,7,31.333333333333332,3,17,14,1,16,4.428869680851063,4.595744680851064,34,40,22,12,6,0,31.333333333333332,4.769175681329189,5.7373803191489365
2024,Manuel Chavez,623985,MXC,P,7,7,24.333333333333332,4,24,11,1,16,4.476960616438356,5.917808219178083,25,32,15,10,7,0,24.333333333333332,3.8406669424349698,4.9701113013698635
2024,Alex Speas,666208,MAZ,P,6,6,6.666666666666667,1,7,2,2,4,4.483124999999999,5.3999999999999995,8,9,6,2,1,0,6.666666666666667,4.285933988764045,5.233124999999999
2024,Dakota Chalmers,663793,GSV,P,7,7,32.0,4,35,22,2,12,4.520625,3.375,20,30,14,6,10,0,32.0,3.8085463483146063,4.770625
2024,Manuel Alvarez,676520,MOC,P,8,8,6.333333333333333,0,8,9,0,4,4.569967105263158,5.68421052631579,4,5,4,0,1,0,6.333333333333333,5.492498151981076,6.1489144736842105
2024,Dauris Valdez,667378,MOC,P,4,4,3.3333333333333335,0,3,4,0,3,4.633125,8.1,4,6,3,1,2,0,3.3333333333333335,6.385933988764045,8.233125
2024,Julio Teheran,527054,JAL,P,7,7,31.333333333333332,5,24,11,3,24,4.716103723404255,6.8936170212765955,31,38,15,16,7,0,31.333333333333332,4.08677070882142,5.0671675531914895
2024,Edgar Arredondo,639238,CUL,P,6,6,28.666666666666668,2,10,13,3,17,4.716845930232558,5.337209302325581,23,29,17,6,5,1,28.666666666666668,4.981805428534099,5.833125
2024,Ricardo Estrada,698962,CUL,P,10,10,9.333333333333334,0,6,7,3,7,4.761696428571428,6.75,6,6,6,0,0,0,9.333333333333334,5.700701243980738,6.047410714285714
2024,Luis Escobar,650813,MAZ,P,7,7,35.333333333333336,4,14,14,1,13,4.785955188679245,3.3113207547169807,40,51,30,10,11,0,35.333333333333336,4.9678504610981555,6.201049528301887
2024,Juan Cossio,687455,GSV,P,11,11,15.666666666666666,1,9,12,0,5,4.811848404255319,2.872340425531915,12,18,11,1,6,0,15.666666666666666,5.100875418360029,6.279933510638298
2024,Zach Matson,670416,NAV,P,7,7,28.666666666666668,5,31,17,1,15,4.821497093023256,4.709302325581395,25,35,20,5,9,1,28.666666666666668,3.8278989743924745,4.995915697674418
2024,Sammy Tavarez,679013,MAZ,P,4,4,4.0,0,2,3,1,2,4.833125,4.5,7,8,5,2,1,0,4.0,7.389304775280899,8.833124999999999
2024,Dallas Martinez,622661,MTY,P,1,1,2.0,0,1,2,0,1,4.833125,4.5,1,2,1,0,1,0,2.0,5.5634620786516855,6.833125
2024,Conner Menez,669214,CUL,P,5,5,25.333333333333332,2,19,21,0,11,4.8462828947368415,3.9078947368421053,18,27,14,4,9,0,25.333333333333332,4.857814532820816,5.9515460526315795
2024,Hector Villalobos,675188,MAZ,P,13,13,15.0,2,11,9,0,7,4.899791666666667,4.2,7,15,5,2,8,0,15.0,3.8481062734082396,5.166458333333333
2024,Alexis Vera,700063,MTY,P,11,11,13.333333333333334,1,6,8,1,5,4.933125,3.375,12,15,8,4,3,0,13.333333333333334,5.2727317415730335,6.208125
2024,Francisco Rios,642590,MTY,P,10,10,9.0,0,4,9,0,3,4.9442361111111115,3.0,5,7,5,0,2,0,9.0,5.7557217540574275,6.499791666666667
2024,Isaac Jimenez,645799,JAL,P,15,15,11.333333333333334,2,10,6,0,8,4.95077205882353,6.352941176470588,13,17,9,4,4,0,11.333333333333334,4.332133592200925,5.6566544117647055
2024,Vidal Sotelo,691678,GSV,P,6,6,24.333333333333332,2,14,15,3,12,4.9701113013698635,4.438356164383562,19,26,17,2,6,1,24.333333333333332,5.0421445474834545,6.038604452054795
2024,Orlando Gonzalez,701432,HER,P,6,6,5.0,1,4,1,1,6,5.033125,10.799999999999999,6,7,3,3,1,0,5.0,4.185933988764045,5.233124999999999
2024,Yamil Castillo,675132,MXC,P,8,8,9.0,1,4,3,2,6,5.055347222222222,6.0,6,10,5,1,4,0,9.0,4.584685549313358,5.833125
2024,Vicente Valenzuela,685692,MOC,P,7,7,9.0,1,7,6,1,3,5.055347222222222,3.0,10,13,8,2,3,0,9.0,5.233874063670411,6.499791666666667
2024,Ivan Zavala,570620,JAL,P,9,9,13.0,1,4,5,3,2,5.063894230769231,1.3846153846153846,23,29,18,5,6,0,13.0,6.64816389369058,8.525432692307692
2024,Jose Luna,682779,MOC,P,11,11,6.666666666666667,0,3,6,1,0,5.083125,0.0,2,3,2,0,1,0,6.666666666666667,5.521327247191011,5.983124999999999
2024,Alex Valverde,663820,NAV,P,11,11,10.666666666666666,1,17,13,2,10,5.083125,8.4375,2,3,0,2,1,0,10.666666666666666,4.1382514044943814,4.426875
2024,Ruben Reyes,666017,CUL,OF,8,8,6.666666666666667,1,5,3,1,2,5.083125,2.6999999999999997,3,7,2,1,4,0,6.666666666666667,3.7904283707865165,5.233124999999999
2024,Dereck Rodríguez,605446,JAL,P,4,4,13.0,3,9,3,0,10,5.140817307692307,6.923076923076923,20,23,13,7,3,0,13.0,4.388008318928263,5.679278846153846
2024,Mario Jimenez,671760,MXC,P,6,6,3.3333333333333335,0,2,4,0,3,5.233124999999999,8.1,3,3,3,0,0,0,3.3333333333333335,6.547731741573033,7.033125
2024,Cristian Castillo,661149,MTY,P,2,2,3.6666666666666665,0,0,3,0,2,5.287670454545454,4.90909090909091,2,2,1,1,0,0,3.6666666666666665,6.084401813074566,6.378579545454546
2024,Ernesto Zaragoza,592889,OBR,P,6,6,4.0,1,6,3,0,3,5.333125,6.75,5,6,2,3,1,0,4.0,3.9089676966292126,5.083125
2024,Reynaldo Alvarez,820906,MXC,P,4,4,4.333333333333333,1,7,3,1,8,5.371586538461539,16.615384615384617,6,7,2,4,1,0,4.333333333333333,4.394058448573897,5.602355769230769
2024,Enrique Castillo,811370,HER,P,5,5,4.333333333333333,1,7,4,0,2,5.371586538461539,4.153846153846154,5,6,3,2,1,0,4.333333333333333,4.056979796888504,5.140817307692307
2024,Jonathan Partida,674476,NAV,P,16,16,9.666666666666666,2,8,5,0,6,5.419331896551724,5.586206896551724,6,10,5,1,4,0,9.666666666666666,3.636302063153816,4.79864224137931
2024,Mario Perez,682961,MTY,P,13,13,10.333333333333334,0,6,9,4,6,5.446028225806451,5.225806451612902,10,12,7,3,2,0,10.333333333333334,6.859583861906487,7.768608870967742
2024,Alexandro Tovalin,700071,MAZ,P,13,13,10.333333333333334,1,10,10,2,10,5.639576612903225,8.709677419354838,7,7,4,3,0,0,10.333333333333334,5.3710010420442185,5.736350806451613
2024,Geno Encina,664039,GSV,P,3,3,5.333333333333333,0,0,5,0,6,5.645625,10.125,2,4,2,0,2,0,5.333333333333333,6.193377808988764,7.145625
2024,Norman Elenes,553868,MTY,P,18,18,16.0,1,9,15,2,11,5.708125,6.1875,12,15,7,5,3,0,16.0,5.991130617977528,6.770625
2024,Victor González,624647,JAL,P,3,3,2.0,0,0,2,0,0,5.833125,0.0,0,1,0,0,1,0,2.0,5.833125,6.833125
2024,Javier Rodriguez,625068,HER,P,4,4,4.333333333333333,0,1,5,0,0,5.833125,0.0,4,4,3,1,0,0,4.333333333333333,7.1814396067415736,7.679278846153847
2024,Jose Albertos,666016,HER,P,5,5,7.333333333333333,0,4,7,3,4,5.833125,4.90909090909091,2,2,2,0,0,0,7.333333333333333,6.231490679264555,6.378579545454546
2024,Roel Ramírez,641995,CUL,P,3,3,1.0,0,0,1,0,2,5.833125,18.0,1,1,1,0,0,0,1.0,7.293799157303371,7.833125
2024,Jovany Lopez,571328,MAZ,P,2,2,0.3333333333333333,0,1,1,0,3,5.833125,81.0,1,1,0,1,0,0,0.3333333333333333,10.215147471910115,11.833124999999999
2024,Manuel Urias,679893,MOC,P,6,6,13.0,3,10,7,0,16,5.910048076923077,11.076923076923077,13,15,8,5,2,0,13.0,4.370722234226448,5.217740384615384
2024,Carlos Morales,676190,GSV,P,12,12,14.0,3,12,10,0,6,6.047410714285714,3.8571428571428568,11,15,9,2,4,0,14.0,4.409368980738362,5.404553571428572
2024,Ivan Izaguirre,703721,GSV,P,10,10,13.0,3,9,6,1,9,6.063894230769231,6.230769230769231,13,16,8,5,3,0,13.0,4.524568388072602,5.525432692307692
2024,Fredy Quintero,542278,MOC,P,4,4,8.333333333333334,2,2,2,0,6,6.193125,6.4799999999999995,9,11,6,3,2,0,8.333333333333334,4.650653089887641,5.713125
2024,Nathanael Santiago,660995,MTY,P,11,11,5.666666666666667,1,7,7,0,2,6.362536764705882,3.176470588235294,2,5,1,1,3,0,5.666666666666667,4.583951173165896,5.833125
2024,Alberto Leyva,668155,JAL,P,14,14,9.333333333333334,2,9,8,1,8,6.583124999999999,7.7142857142857135,10,12,6,4,2,0,9.333333333333334,5.362418739967897,6.3688392857142855
2024,Jorge Sauceda,703006,NAV,P,9,9,11.333333333333334,1,5,10,4,7,6.803713235294117,5.558823529411764,10,14,7,3,4,0,11.333333333333334,6.945484550561797,8.127242647058823
2024,Joel Ibarra,684169,HER,P,1,1,1.0,0,1,2,0,0,6.833125,0.0,0,0,0,0,0,0,1.0,6.833125,6.833125
2024,Solomon Bates,663603,OBR,P,2,2,5.666666666666667,1,4,5,1,7,6.891948529411764,11.117647058823527,6,9,4,2,3,0,5.666666666666667,6.144427048909451,7.7743014705882345
2024,Manuel Castro,701195,GSV,P,4,4,3.6666666666666665,1,2,2,0,1,6.924034090909091,2.454545454545455,3,4,3,0,1,0,3.6666666666666665,4.573676583248212,5.560397727272727
2024,Jesus Huerta,675546,GSV,P,7,7,10.666666666666666,3,8,7,0,9,6.958125,7.59375,8,16,6,2,8,0,10.666666666666666,4.397380617977529,6.301875
2024,Pedro Santillan,699063,MXC,P,5,5,4.666666666666667,0,2,6,2,6,7.1188392857142855,11.57142857142857,5,6,3,2,1,0,4.666666666666667,8.683847311396468,9.690267857142857
2024,Esteban Bloch,691823,NAV,P,14,14,11.666666666666666,3,8,7,2,12,7.1188392857142855,9.257142857142858,11,12,6,5,1,0,11.666666666666666,5.153189205457464,5.833125
2024,Edwyn Valle,683030,NAV,P,12,12,10.666666666666666,4,9,4,0,8,7.145625,6.75,10,18,5,5,8,0,10.666666666666666,3.64000702247191,5.645625
2024,Nestor Anguamea,691959,MTY,P,17,17,10.333333333333334,2,5,9,1,8,7.284737903225806,6.967741935483871,5,10,3,2,4,1,10.333333333333334,5.47538668901776,6.704092741935483
2024,Jose Carlos Medina,642375,NAV,P,8,8,9.666666666666666,3,5,4,1,7,7.384849137931035,6.517241379310345,10,15,5,5,5,0,9.666666666666666,4.861408611003487,6.453814655172414
2024,Frank Moscatiello,703590,MOC,P,3,3,3.0,0,2,6,0,1,7.499791666666667,3.0,4,4,4,0,0,0,3.0,9.447357209737827,10.166458333333333
2024,Andres Ivan Meza,510554,MAZ,P,10,10,9.0,3,3,1,2,3,7.499791666666667,3.0,6,11,3,3,5,0,9.0,4.140241104868913,5.610902777777778
2024,Cristian Alvarado,800079,JAL,P,12,12,9.666666666666666,3,4,5,0,11,7.5917456896551725,10.241379310344827,13,16,9,4,3,0,9.666666666666666,5.521617832235568,6.867607758620689
2024,Saul Arias,806517,HER,P,5,5,4.666666666666667,1,2,4,1,3,7.975982142857142,5.785714285714285,7,8,4,3,1,0,4.666666666666667,7.3812790930979135,8.618839285714285
2024,Jonas Garibay,691388,MOC,P,6,6,7.666666666666667,3,5,4,0,8,8.180951086956522,9.391304347826086,7,8,6,1,1,0,7.666666666666667,4.427653578407425,5.180951086956521
2024,Joe Jones,691839,JAL,P,7,7,4.666666666666667,1,3,5,1,2,8.190267857142857,3.8571428571428568,6,6,4,2,0,0,4.666666666666667,7.28256320224719,7.975982142857142
2024,Christian Crespo,703865,GSV,P,3,3,5.0,1,2,6,0,1,8.233125000000001,1.8,3,4,2,1,1,0,5.0,6.509529494382022,7.233125
2024,Arturo Roque,686734,MTY,P,6,6,9.333333333333334,3,3,6,0,8,8.297410714285714,7.7142857142857135,12,19,8,4,7,0,9.333333333333334,5.996848916532905,8.190267857142857
2024,Ernesto Borges,692643,MAZ,P,4,4,3.6666666666666665,1,3,5,0,3,8.833124999999999,7.363636363636364,2,4,1,1,2,0,3.6666666666666665,6.084401813074566,7.469488636363637
2024,Oscar Rojas,676019,GSV,P,1,1,0.6666666666666666,0,1,2,0,2,8.833124999999999,27.0,1,1,1,0,0,0,0.6666666666666666,11.024136235955059,11.833124999999999
2024,Aldo Ramirez,680048,JAL,P,2,2,1.6666666666666665,0,1,4,0,2,8.833125,10.8,1,2,1,0,1,0,1.6666666666666665,9.709529494382023,11.233125000000001
2024,Edgar Manzo,686317,JAL,P,4,4,4.0,1,2,6,1,5,10.333124999999999,11.25,7,9,4,3,2,0,4.0,9.639304775280898,11.583124999999999
2024,Carlos De Leon,660610,MTY,C,1,1,1.6666666666666665,1,0,0,0,2,10.633125,10.8,1,1,0,1,0,0,1.6666666666666665,3.7095294943820223,4.033125
2024,Manuel Flores,487019,MAZ,P,1,1,1.0,0,2,4,0,1,10.833124999999999,9.0,0,0,0,0,0,0,1.0,10.833124999999999,10.833124999999999
2024,Diego Castro,828443,CUL,P,1,1,0.3333333333333333,0,0,1,0,1,11.833124999999999,27.0,0,0,0,0,0,0,0.3333333333333333,11.833124999999999,11.833124999999999
2024,Daniel Cruz,690909,MAZ,P,5,5,3.0,2,1,2,0,4,12.833124999999999,12.0,5,6,3,2,1,0,3.0,6.600915262172284,8.166458333333333
2024,DJ Johnson,597113,OBR,P,3,3,2.0,1,1,3,0,2,12.833124999999999,9.0,3,3,2,1,0,0,2.0,8.524136235955055,9.333124999999999
